subscription_id,user_id,plan,mrr_usd,started_at,ended_at,billing_interval
sub_0000,user_0001,starter,49,2023-05-21,,monthly
sub_0003,user_0004,enterprise,599,2023-06-22,2023-11-18,annual
sub_0004,user_0005,enterprise,599,2023-08-24,,monthly
sub_0006,user_0007,pro,149,2023-07-14,,annual
sub_0007,user_0008,starter,49,2023-12-16,2024-05-12,monthly
sub_0008,user_0009,starter,49,2023-11-24,,annual
sub_0009,user_0010,starter,49,2023-07-25,,annual
sub_0010,user_0011,pro,149,2023-11-26,,annual
sub_0011,user_0012,enterprise,599,2023-08-08,,monthly
sub_0012,user_0013,starter,49,2023-01-25,,annual
sub_0014,user_0015,pro,149,2025-12-31,,annual
sub_0015,user_0016,starter,49,2023-06-02,,annual
sub_0016,user_0017,pro,149,2023-09-29,,annual
sub_0017,user_0018,starter,49,2023-06-07,,annual
sub_0018,user_0019,starter,49,2023-09-30,,monthly
sub_0019,user_0020,starter,49,2023-04-19,,annual
sub_0022,user_0023,enterprise,599,2023-05-02,2023-07-11,annual
sub_0023,user_0024,starter,49,2023-08-31,,monthly
sub_0025,user_0026,enterprise,599,2023-04-09,,monthly
sub_0027,user_0028,enterprise,599,2023-03-27,,monthly
sub_0028,user_0029,enterprise,599,2023-07-19,,monthly
sub_0030,user_0031,starter,49,2023-09-15,,annual
sub_0031,user_0032,starter,49,2023-05-01,,monthly
sub_0032,user_0033,pro,149,2023-10-17,,annual
sub_0033,user_0034,pro,149,2023-11-27,,annual
sub_0034,user_0035,starter,49,2023-02-21,,annual
sub_0035,user_0036,starter,49,2023-05-06,,annual
sub_0036,user_0037,pro,149,2025-12-31,,monthly
sub_0037,user_0038,pro,149,2023-10-11,,annual
sub_0038,user_0039,pro,149,2023-05-16,,annual
sub_0039,user_0040,pro,149,2023-06-20,,monthly
sub_0040,user_0041,starter,49,2023-02-27,,annual
sub_0041,user_0042,pro,149,2023-03-07,,monthly
sub_0042,user_0043,enterprise,599,2023-07-01,2023-07-06,annual
sub_0045,user_0046,starter,49,2023-08-24,2024-02-23,annual
sub_0046,user_0047,pro,149,2023-02-05,,monthly
sub_0047,user_0048,pro,149,2023-05-14,,monthly
sub_0049,user_0050,starter,49,2023-09-24,,annual
sub_0051,user_0052,enterprise,599,2023-10-11,,monthly
sub_0052,user_0053,starter,49,2023-01-01,,monthly
sub_0053,user_0054,starter,49,2023-09-19,,monthly
sub_0054,user_0055,starter,49,2023-02-17,,annual
sub_0056,user_0057,starter,49,2023-09-11,,monthly
sub_0058,user_0059,pro,149,2023-12-08,,monthly
sub_0059,user_0060,starter,49,2023-09-01,,annual
sub_0060,user_0061,pro,149,2023-05-27,,annual
sub_0062,user_0063,enterprise,599,2023-04-16,,monthly
sub_0063,user_0064,enterprise,599,2023-06-30,,annual
sub_0064,user_0065,enterprise,599,2023-01-15,,monthly
sub_0066,user_0067,starter,49,2023-05-14,,monthly
sub_0071,user_0072,enterprise,599,2023-10-22,,monthly
sub_0072,user_0073,pro,149,2023-05-05,,monthly
sub_0074,user_0075,pro,149,2023-02-24,,monthly
sub_0075,user_0076,enterprise,599,2023-11-30,,monthly
sub_0076,user_0077,enterprise,599,2023-02-14,,monthly
sub_0077,user_0078,pro,149,2023-01-15,,monthly
sub_0078,user_0079,pro,149,2023-05-24,,annual
sub_0079,user_0080,starter,49,2023-07-28,,annual
sub_0080,user_0081,starter,49,2023-04-24,,monthly
sub_0081,user_0082,enterprise,599,2023-10-09,,monthly
sub_0082,user_0083,starter,49,2023-06-11,,annual
sub_0084,user_0085,pro,149,2023-12-29,,monthly
sub_0085,user_0086,enterprise,599,2023-11-23,,annual
sub_0088,user_0089,enterprise,-599,2023-05-08,,monthly
sub_0089,user_0090,enterprise,599,2023-06-02,,monthly
sub_0090,user_0091,pro,149,2023-04-17,2023-07-31,annual
sub_0091,user_0092,enterprise,599,2023-01-02,,annual
sub_0092,user_0093,starter,49,2023-08-21,,annual
sub_0093,user_0094,starter,49,2023-03-18,2023-06-11,monthly
sub_0094,user_0095,enterprise,599,2023-10-19,,annual
sub_0095,user_0096,enterprise,599,2023-09-14,,annual
sub_0097,user_0098,enterprise,599,2023-05-23,,annual
sub_0098,user_0099,starter,49,2023-12-10,,annual
sub_0101,user_0102,enterprise,599,2023-11-15,,annual
sub_0102,user_0103,enterprise,599,2023-08-13,2024-01-01,monthly
sub_0103,user_0104,enterprise,599,2023-06-09,,annual
sub_0104,user_0105,pro,149,2023-03-20,,annual
sub_0105,user_0106,starter,49,2023-05-05,,monthly
sub_0106,user_0107,enterprise,599,2023-02-05,,annual
sub_0107,user_0108,enterprise,599,2023-10-28,,monthly
sub_0108,user_0109,pro,149,2023-10-06,,annual
sub_0109,user_0110,enterprise,599,2023-07-30,,annual
sub_0110,user_0111,pro,149,2023-09-15,,monthly
sub_0111,user_0112,starter,49,2023-03-15,,annual
sub_0112,user_0113,pro,149,2023-11-29,,annual
sub_0114,user_0115,enterprise,599,2023-04-27,,monthly
sub_0116,user_0117,starter,49,2023-07-30,,monthly
sub_0117,user_0118,starter,49,2023-12-16,,monthly
sub_0118,user_0119,starter,49,2023-08-27,,annual
sub_0119,user_0120,enterprise,599,2023-08-06,,monthly
sub_0120,user_0121,pro,149,2023-07-15,,monthly
sub_0122,user_0123,starter,49,2023-06-30,2023-11-12,annual
sub_0123,user_0124,enterprise,599,2023-11-27,,monthly
sub_0124,user_0125,starter,49,2023-08-01,,monthly
sub_0125,user_0126,enterprise,599,2023-03-26,2023-06-12,monthly
sub_0126,user_0127,enterprise,599,2023-04-26,,monthly
sub_0127,user_0128,pro,149,2023-10-02,,annual
sub_0128,user_0129,pro,149,2023-01-13,,monthly
sub_0129,user_0130,enterprise,599,2023-12-25,2024-01-18,annual
sub_0130,user_0131,starter,49,2023-09-10,,annual
sub_0131,user_0132,enterprise,599,2023-12-23,,monthly
sub_0132,user_0133,pro,149,2023-11-12,,annual
sub_0133,user_0134,pro,149,2023-07-05,,annual
sub_0134,user_0135,enterprise,599,2023-03-04,,annual
sub_0135,user_0136,starter,49,2023-06-20,,monthly
sub_0136,user_0137,starter,49,2023-10-28,,annual
sub_0139,user_0140,enterprise,599,2023-02-28,,monthly
sub_0141,user_0142,enterprise,599,2023-09-03,,annual
sub_0142,user_0143,starter,49,2023-11-08,,monthly
sub_0143,user_0144,enterprise,599,2023-08-21,,monthly
sub_0144,user_0145,enterprise,599,2023-08-20,,monthly
sub_0145,user_0146,pro,149,2023-08-07,,annual
sub_0146,user_0147,pro,149,2023-02-17,,annual
sub_0147,user_0148,pro,149,2023-12-10,,annual
sub_0148,user_0149,starter,49,2023-10-23,,annual
sub_0149,user_0150,starter,49,2023-02-28,2023-04-15,annual
sub_0150,user_0151,pro,149,2023-05-17,,annual
sub_0152,user_0153,starter,49,2023-08-03,,monthly
sub_0153,user_0154,starter,49,2023-02-13,,annual
sub_0154,user_0155,enterprise,599,2023-09-06,,annual
sub_0155,user_0156,enterprise,599,2023-05-26,,monthly
sub_0156,user_0157,pro,149,2025-12-31,,monthly
sub_0157,user_0158,starter,49,2023-09-12,,annual
sub_0160,user_0161,enterprise,599,2023-03-29,,annual
sub_0163,user_0164,starter,49,2023-11-27,,annual
sub_0164,user_0165,enterprise,599,2023-12-02,,monthly
sub_0165,user_0166,pro,149,2023-06-15,,annual
sub_0166,user_0167,pro,149,2023-05-21,,monthly
sub_0168,user_0169,starter,49,2023-01-22,,monthly
sub_0169,user_0170,pro,149,2023-02-22,,annual
sub_0170,user_0171,starter,49,2023-08-13,,monthly
sub_0171,user_0172,pro,149,2023-12-14,,monthly
sub_0172,user_0173,starter,49,2023-05-10,,annual
sub_0173,user_0174,enterprise,599,2023-06-08,,annual
sub_0175,user_0176,enterprise,599,2023-04-20,,annual
sub_0177,user_0178,legacy_growth,49,2023-12-21,2024-01-12,monthly
sub_0178,user_0179,enterprise,599,2023-08-16,,monthly
sub_0179,user_0180,enterprise,599,2023-04-10,,monthly
sub_0180,user_0181,starter,49,2023-03-24,,monthly
sub_0183,user_0184,starter,49,2023-07-22,,annual
sub_0184,user_0185,pro,149,2023-02-20,,annual
sub_0185,user_0186,enterprise,599,2023-12-23,,annual
sub_0187,user_0188,enterprise,599,2023-08-03,,annual
sub_0188,user_0189,starter,49,2023-09-21,2024-01-22,annual
sub_0190,user_0191,enterprise,599,2023-09-17,2024-01-08,annual
sub_0192,user_0193,pro,149,2023-06-20,,monthly
sub_0193,user_0194,starter,49,2023-12-23,,monthly
sub_0194,user_0195,pro,149,2023-04-13,2023-10-20,monthly
sub_0195,user_0196,pro,149,2023-11-28,,monthly
sub_0196,user_0197,enterprise,599,2023-07-24,2023-10-11,monthly
sub_0199,user_0200,enterprise,599,2023-08-07,,monthly
sub_0200,user_0201,pro,149,2023-11-11,,annual
sub_0202,user_0203,enterprise,599,2023-11-27,,monthly
sub_0205,user_0206,pro,149,2023-03-02,2023-07-21,annual
sub_0206,user_0207,starter,49,2023-09-09,,monthly
sub_0207,user_0208,pro,149,2023-02-14,,monthly
sub_0208,user_0209,starter,49,2023-03-22,,annual
sub_0211,user_0212,pro,149,2023-10-22,,monthly
sub_0212,user_0213,starter,49,2023-10-10,,annual
sub_0213,user_0214,pro,149,2023-03-05,2023-09-04,annual
sub_0215,user_0216,starter,49,2023-11-11,,annual
sub_0217,user_0218,enterprise,599,2023-05-16,2023-07-27,annual
sub_0218,user_0219,enterprise,599,2023-11-25,,annual
sub_0219,user_0220,enterprise,599,2023-03-22,,monthly
sub_0220,user_0221,pro,149,2023-06-13,,monthly
sub_0221,user_0222,pro,149,2023-05-04,,annual
sub_0222,user_0223,enterprise,599,2023-07-16,2023-11-03,monthly
sub_0223,user_0224,enterprise,599,2023-04-08,,annual
sub_0224,user_0225,enterprise,599,2023-02-16,,monthly
sub_0225,user_0226,enterprise,599,2023-09-11,2023-12-16,annual
sub_0226,user_0227,pro,149,2023-07-07,,annual
sub_0227,user_0228,enterprise,599,2023-10-11,,annual
sub_0228,user_0229,starter,49,2023-12-15,,annual
sub_0229,user_0230,starter,49,2023-07-07,,monthly
sub_0230,user_0231,enterprise,599,2024-01-01,,annual
sub_0231,user_0232,pro,149,2023-06-17,2023-11-28,annual
sub_0232,user_0233,enterprise,599,2023-06-22,,monthly
sub_0233,user_0234,enterprise,599,2023-12-11,,annual
sub_0234,user_0235,starter,49,2023-12-02,,annual
sub_0235,user_0236,starter,49,2023-07-14,,monthly
sub_0237,user_0238,enterprise,599,2023-10-15,,monthly
sub_0238,user_0239,pro,149,2023-09-30,,annual
sub_0239,user_0240,pro,149,2023-06-02,2023-08-13,annual
sub_0240,user_0241,enterprise,599,2023-05-21,2023-09-03,annual
sub_0241,user_0242,enterprise,599,2024-01-01,,monthly
sub_0242,user_0243,starter,49,2023-10-15,,monthly
sub_0244,user_0245,starter,49,2025-12-31,,monthly
sub_0246,user_0247,starter,49,2023-01-20,,monthly
sub_0247,user_0248,pro,149,2023-09-11,2023-11-22,monthly
sub_0248,user_0249,enterprise,599,2023-06-21,,monthly
sub_0249,user_0250,pro,149,2023-03-25,,monthly
sub_0250,user_0251,enterprise,599,2023-04-09,,monthly
sub_0251,user_0252,starter,49,2023-03-13,,monthly
sub_0253,user_0254,pro,149,2023-06-07,,annual
sub_0254,user_0255,enterprise,599,2023-03-10,,monthly
sub_0255,user_0256,starter,49,2023-10-03,2023-11-25,annual
sub_0257,user_0258,starter,-49,2023-09-24,,annual
sub_0258,user_0259,enterprise,599,2023-01-29,,monthly
sub_0261,user_0262,enterprise,599,2023-11-25,,monthly
sub_0262,user_0263,starter,49,2023-07-12,,monthly
sub_0263,user_0264,starter,49,2023-03-07,,annual
sub_0264,user_0265,starter,49,2023-08-06,,monthly
sub_0265,user_0266,enterprise,599,2023-02-27,2023-07-17,monthly
sub_0267,user_0268,pro,149,2023-01-29,,monthly
sub_0268,user_0269,starter,49,2023-06-14,,annual
sub_0269,user_0270,starter,49,2023-10-30,,annual
sub_0270,user_0271,pro,149,2023-12-10,2024-04-15,annual
sub_0271,user_0272,starter,49,2023-10-03,,annual
sub_0272,user_0273,starter,49,2023-08-02,,monthly
sub_0276,user_0277,starter,49,2023-05-05,2023-10-31,annual
sub_0277,user_0278,pro,149,2023-08-27,,monthly
sub_0278,user_0279,enterprise,599,2023-02-20,,annual
sub_0280,user_0281,starter,49,2023-07-14,,annual
sub_0281,user_0282,enterprise,599,2023-11-25,,monthly
sub_0283,user_0284,starter,49,2023-01-04,2023-06-27,monthly
sub_0284,user_0285,enterprise,599,2023-01-31,,monthly
sub_0285,user_0286,pro,149,2023-01-09,,annual
sub_0286,user_0287,starter,49,2023-08-09,,monthly
sub_0287,user_0288,pro,149,2023-09-27,,monthly
sub_0288,user_0289,starter,-49,2023-10-17,,annual
sub_0292,user_0293,starter,49,2023-06-11,,monthly
sub_0293,user_0294,enterprise,599,2023-10-16,2024-02-19,annual
sub_0294,user_0295,pro,149,2023-12-19,,monthly
sub_0295,user_0296,enterprise,599,2023-11-06,,monthly
sub_0296,user_0297,enterprise,599,2023-04-27,,monthly
sub_0297,user_0298,starter,49,2023-11-13,,monthly
sub_0298,user_0299,enterprise,599,2023-11-21,,monthly
sub_0299,user_0300,pro,149,2023-08-16,,monthly
sub_0302,user_0303,starter,49,2023-10-14,,annual
sub_0304,user_0305,starter,49,2023-02-09,,annual
sub_0305,user_0306,enterprise,599,2023-07-22,,monthly
sub_0306,user_0307,starter,49,2023-11-30,,monthly
sub_0307,user_0308,enterprise,599,2023-06-10,,annual
sub_0308,user_0309,enterprise,599,2023-06-16,,monthly
sub_0310,user_0311,enterprise,599,2023-02-05,,annual
sub_0314,user_0315,starter,49,2023-01-06,,monthly
sub_0315,user_0316,starter,49,2023-12-14,,monthly
sub_0316,user_0317,starter,49,2023-02-13,,annual
sub_0318,user_0319,pro,149,2023-12-30,,monthly
sub_0319,user_0320,enterprise,599,2023-06-19,,monthly
sub_0320,user_0321,starter,49,2023-07-22,,monthly
sub_0322,user_0323,enterprise,599,2023-08-23,2023-09-30,monthly
sub_0323,user_0324,enterprise,599,2023-02-28,,monthly
sub_0325,user_0326,starter,49,2023-09-19,,annual
sub_0326,user_0327,starter,49,2023-12-22,,annual
sub_0327,user_0328,pro,149,2023-08-19,,monthly
sub_0328,user_0329,enterprise,599,2023-10-15,2023-12-26,annual
sub_0330,user_0331,enterprise,599,2023-03-28,,annual
sub_0333,user_0334,starter,49,2023-03-02,,monthly
sub_0334,user_0335,starter,49,2023-03-13,,annual
sub_0335,user_0336,pro,149,2023-06-15,,annual
sub_0336,user_0337,enterprise,599,2023-02-18,,monthly
sub_0337,user_0338,starter,49,2023-03-16,,monthly
sub_0339,user_0340,enterprise,599,2023-07-08,,monthly
sub_0341,user_0342,pro,149,2023-09-11,,annual
sub_0343,user_0344,enterprise,599,2023-08-14,2024-03-01,annual
sub_0344,user_0345,pro,149,2023-05-21,,monthly
sub_0345,user_0346,pro,149,2023-01-27,,annual
sub_0346,user_0347,starter,49,2023-09-02,,annual
sub_0348,user_0349,pro,149,2023-02-22,,monthly
sub_0349,user_0350,starter,49,2023-03-10,,monthly
sub_0350,user_0351,starter,49,2023-04-20,,annual
sub_0351,user_0352,enterprise,599,2023-03-05,,monthly
sub_0352,user_0353,pro,149,2023-11-27,,monthly
sub_0355,user_0356,starter,49,2023-08-04,,annual
sub_0357,user_0358,starter,49,2023-07-25,2024-01-10,annual
sub_0358,user_0359,legacy_growth,599,2023-03-21,,monthly
sub_0360,user_0361,starter,49,2023-12-08,,monthly
sub_0361,user_0362,pro,149,2023-06-27,,monthly
sub_0363,user_0364,enterprise,599,2023-10-23,,monthly
sub_0365,user_0366,enterprise,599,2023-01-07,,monthly
sub_0366,user_0367,enterprise,599,2023-01-19,,annual
sub_0367,user_0368,pro,149,2023-05-19,,annual
sub_0369,user_0370,pro,149,2023-01-05,,monthly
sub_0370,user_0371,starter,-49,2023-09-10,,annual
sub_0372,user_0373,starter,49,2023-02-23,,monthly
sub_0373,user_0374,starter,49,2023-05-24,,monthly
sub_0374,user_0375,starter,49,2023-10-25,,monthly
sub_0375,user_0376,pro,149,2023-03-08,,monthly
sub_0376,user_0377,starter,49,2023-02-08,,monthly
sub_0377,user_0378,pro,149,2023-06-10,,monthly
sub_0378,user_0379,legacy_growth,149,2023-02-16,,monthly
sub_0379,user_0380,pro,149,2023-02-16,,monthly
sub_0380,user_0381,enterprise,599,2023-01-16,,monthly
sub_0384,user_0385,enterprise,599,2023-03-28,,monthly
sub_0385,user_0386,starter,49,2023-07-01,,monthly
sub_0386,user_0387,pro,149,2023-11-14,,monthly
sub_0387,user_0388,starter,49,2023-07-16,,annual
sub_0388,user_0389,enterprise,599,2024-01-01,,annual
sub_0389,user_0390,pro,149,2023-11-02,,annual
sub_0391,user_0392,starter,49,2023-01-29,,monthly
sub_0392,user_0393,pro,149,2023-03-30,,annual
sub_0393,user_0394,enterprise,599,2023-10-16,,monthly
sub_0395,user_0396,starter,49,2023-03-08,,annual
sub_0396,user_0397,pro,-149,2023-03-14,,annual
sub_0397,user_0398,starter,49,2023-06-15,,annual
sub_0398,user_0399,pro,149,2023-12-22,,monthly
sub_0403,user_0404,enterprise,599,2023-03-27,,monthly
sub_0404,user_0405,starter,49,2023-10-23,2024-03-07,annual
sub_0407,user_0408,starter,49,2023-11-07,,annual
sub_0408,user_0409,pro,149,2023-12-23,,monthly
sub_0409,user_0410,starter,49,2023-10-09,,monthly
sub_0410,user_0411,enterprise,599,2023-12-05,,annual
sub_0412,user_0413,enterprise,599,2023-02-16,,annual
sub_0413,user_0414,pro,149,2023-05-15,,annual
sub_0414,user_0415,pro,149,2023-12-08,,monthly
sub_0415,user_0416,enterprise,599,2023-07-18,,monthly
sub_0417,user_0418,starter,49,2023-03-27,,monthly
sub_0418,user_0419,starter,49,2023-04-14,,monthly
sub_0419,user_0420,enterprise,599,2023-02-04,,monthly
sub_0420,user_0421,enterprise,599,2023-01-07,2023-06-11,monthly
sub_0423,user_0424,enterprise,599,2023-12-22,,monthly
sub_0424,user_0425,pro,149,2023-07-10,2023-09-24,monthly
sub_0425,user_0426,enterprise,599,2023-04-27,,annual
sub_0426,user_0427,enterprise,599,2023-08-15,,annual
sub_0427,user_0428,enterprise,599,2023-06-09,,monthly
sub_0428,user_0429,enterprise,599,2023-01-30,,annual
sub_0430,user_0431,pro,149,2023-08-31,,annual
sub_0433,user_0434,pro,149,2023-01-05,,monthly
sub_0434,user_0435,enterprise,599,2023-04-22,,monthly
sub_0435,user_0436,pro,149,2023-07-11,,monthly
sub_0436,user_0437,pro,149,2023-11-24,,monthly
sub_0437,user_0438,enterprise,599,2023-01-30,,annual
sub_0438,user_0439,enterprise,599,2023-05-13,,annual
sub_0439,user_0440,starter,49,2023-04-08,,annual
sub_0440,user_0441,starter,49,2023-12-03,,annual
sub_0441,user_0442,starter,49,2023-10-14,,monthly
sub_0442,user_0443,pro,149,2023-06-07,,annual
sub_0445,user_0446,starter,49,2023-08-23,,monthly
sub_0446,user_0447,enterprise,599,2023-11-21,2024-02-26,annual
sub_0447,user_0448,enterprise,599,2023-02-15,,annual
sub_0448,user_0449,pro,149,2023-01-20,,monthly
sub_0449,user_0450,starter,49,2023-11-17,,annual
sub_0451,user_0452,starter,49,2023-06-22,,monthly
sub_0452,user_0453,starter,49,2023-07-26,,monthly
sub_0455,user_0456,starter,49,2023-05-10,,annual
sub_0456,user_0457,starter,49,2023-09-24,,annual
sub_0457,user_0458,enterprise,599,2023-02-28,,monthly
sub_0458,user_0459,pro,149,2023-07-03,2024-01-13,monthly
sub_0463,user_0464,pro,149,2023-07-03,,annual
sub_0464,user_0465,enterprise,599,2023-08-22,,monthly
sub_0465,user_0466,starter,49,2023-01-31,2023-08-15,annual
sub_0466,user_0467,enterprise,599,2023-08-13,,annual
sub_0468,user_0469,starter,49,2023-10-23,2023-12-29,monthly
sub_0469,user_0470,enterprise,599,2023-06-27,,annual
sub_0470,user_0471,starter,49,2023-08-29,2023-12-22,annual
sub_0471,user_0472,enterprise,599,2023-01-26,,monthly
sub_0472,user_0473,enterprise,599,2023-08-18,,annual
sub_0473,user_0474,enterprise,599,2023-01-10,2023-01-10,monthly
sub_0474,user_0475,starter,49,2023-11-23,,annual
sub_0475,user_0476,enterprise,599,2023-08-21,,monthly
sub_0476,user_0477,pro,149,2023-01-02,,monthly
sub_0477,user_0478,enterprise,599,2023-03-13,,monthly
sub_0478,user_0479,starter,49,2023-07-21,,monthly
sub_0479,user_0480,enterprise,599,2023-12-11,,monthly
sub_0481,user_0482,pro,149,2023-02-23,,annual
sub_0482,user_0483,pro,149,2023-05-08,,annual
sub_0483,user_0484,pro,149,2023-09-20,2024-01-01,annual
sub_0484,user_0485,starter,49,2023-12-18,,annual
sub_0485,user_0486,enterprise,599,2023-10-26,,annual
sub_0487,user_0488,starter,49,2023-05-27,2023-09-06,monthly
sub_0488,user_0489,starter,49,2023-08-20,,annual
sub_0491,user_0492,pro,149,2023-08-15,,monthly
sub_0492,user_0493,starter,49,2023-12-16,,annual
sub_0493,user_0494,pro,149,2023-05-16,,monthly
sub_0495,user_0496,pro,149,2023-02-07,,annual
sub_0496,user_0497,enterprise,599,2023-03-23,2023-06-14,annual
sub_0497,user_0498,starter,49,2023-06-19,2023-10-02,annual
sub_0498,user_0499,pro,149,2023-01-05,,monthly
sub_0499,user_0500,pro,149,2023-01-21,2023-03-15,annual
sub_0500,user_0501,pro,149,2023-01-13,,monthly
sub_0502,user_0503,starter,49,2023-04-18,,annual
sub_0504,user_0505,pro,149,2023-02-07,,annual
sub_0505,user_0506,enterprise,599,2023-07-28,,monthly
sub_0507,user_0508,pro,149,2023-05-29,,monthly
sub_0509,user_0510,starter,49,2023-10-07,,annual
sub_0510,user_0511,enterprise,599,2023-03-05,2023-06-15,monthly
sub_0511,user_0512,starter,49,2023-06-26,,monthly
sub_0513,user_0514,enterprise,599,2023-05-09,2023-09-05,monthly
sub_0514,user_0515,starter,49,2023-05-26,,monthly
sub_0515,user_0516,pro,149,2023-12-22,,annual
sub_0517,user_0518,pro,149,2023-09-03,,monthly
sub_0518,user_0519,starter,49,2023-02-11,,monthly
sub_0520,user_0521,enterprise,599,2023-05-14,,annual
sub_0523,user_0524,enterprise,599,2023-03-16,,monthly
sub_0525,user_0526,pro,149,2023-01-24,,annual
sub_0526,user_0527,pro,149,2023-07-12,,annual
sub_0527,user_0528,legacy_growth,149,2023-04-25,,annual
sub_0528,user_0529,starter,49,2023-03-13,,monthly
sub_0530,user_0531,starter,49,2023-09-03,,monthly
sub_0533,user_0534,enterprise,599,2023-09-04,,monthly
sub_0534,user_0535,starter,49,2023-12-04,,annual
sub_0537,user_0538,enterprise,599,2023-01-01,,annual
sub_0538,user_0539,enterprise,599,2023-08-08,,monthly
sub_0539,user_0540,enterprise,599,2023-12-23,,monthly
sub_0540,user_0541,enterprise,599,2023-02-12,2023-06-07,annual
sub_0542,user_0543,pro,149,2023-08-07,,annual
sub_0543,user_0544,starter,49,2023-12-15,,monthly
sub_0544,user_0545,pro,149,2023-05-10,,monthly
sub_0546,user_0547,starter,-49,2023-12-17,,monthly
sub_0548,user_0549,enterprise,599,2023-07-16,,annual
sub_0549,user_0550,enterprise,599,2023-03-31,,monthly
sub_0550,user_0551,starter,49,2023-11-03,,monthly
sub_0551,user_0552,pro,149,2023-03-22,2023-05-04,monthly
sub_0553,user_0554,starter,49,2023-05-22,,monthly
sub_0555,user_0556,pro,149,2023-05-12,2023-11-06,annual
sub_0556,user_0557,enterprise,599,2023-06-23,,annual
sub_0557,user_0558,starter,49,2023-11-21,2024-01-15,monthly
sub_0558,user_0559,pro,149,2023-01-05,,annual
sub_0559,user_0560,starter,49,2023-06-25,2024-01-09,annual
sub_0560,user_0561,starter,49,2023-04-04,,annual
sub_0561,user_0562,starter,49,2023-04-16,,annual
sub_0562,user_0563,enterprise,599,2023-02-10,,annual
sub_0563,user_0564,enterprise,599,2023-07-10,,annual
sub_0564,user_0565,starter,49,2023-09-19,,annual
sub_0565,user_0566,pro,149,2023-10-04,2023-12-11,annual
sub_0567,user_0568,starter,49,2023-11-10,,annual
sub_0568,user_0569,enterprise,599,2023-06-25,,annual
sub_0569,user_0570,starter,49,2023-07-25,,annual
sub_0570,user_0571,enterprise,599,2023-05-19,,monthly
sub_0571,user_0572,starter,49,2023-08-31,,annual
sub_0572,user_0573,pro,149,2023-09-22,,monthly
sub_0573,user_0574,starter,49,2023-07-23,2023-09-24,annual
sub_0574,user_0575,pro,149,2023-08-19,,monthly
sub_0576,user_0577,pro,149,2023-03-31,2023-09-01,annual
sub_0577,user_0578,pro,149,2023-02-10,,annual
sub_0578,user_0579,enterprise,599,2023-08-04,2023-08-09,monthly
sub_0579,user_0580,pro,149,2023-12-01,,monthly
sub_0580,user_0581,enterprise,599,2023-07-05,,annual
sub_0583,user_0584,enterprise,599,2023-12-02,,annual
sub_0584,user_0585,starter,49,2023-03-06,,monthly
sub_0585,user_0586,pro,149,2023-09-01,,monthly
sub_0586,user_0587,enterprise,599,2023-04-01,,monthly
sub_0587,user_0588,starter,49,2023-06-27,,annual
sub_0588,user_0589,starter,49,2023-06-05,,monthly
sub_0589,user_0590,enterprise,599,2023-09-09,,monthly
sub_0590,user_0591,starter,49,2023-01-04,,annual
sub_0591,user_0592,enterprise,599,2023-11-27,,monthly
sub_0592,user_0593,pro,149,2023-11-10,,annual
sub_0593,user_0594,enterprise,599,2023-03-11,,monthly
sub_0597,user_0598,enterprise,599,2023-03-16,2023-05-21,annual
sub_0601,user_0602,starter,49,2023-07-04,,monthly
sub_0602,user_0603,enterprise,599,2023-05-22,,monthly
sub_0603,user_0604,pro,149,2023-12-19,,annual
sub_0605,user_0606,pro,149,2023-03-06,2023-08-06,monthly
sub_0606,user_0607,starter,49,2023-07-13,,annual
sub_0607,user_0608,starter,49,2023-10-05,,annual
sub_0608,user_0609,starter,49,2023-05-21,,annual
sub_0609,user_0610,enterprise,599,2023-07-07,,annual
sub_0611,user_0612,pro,149,2023-10-10,,annual
sub_0612,user_0613,starter,49,2023-02-04,,monthly
sub_0613,user_0614,enterprise,599,2023-01-17,2023-07-06,monthly
sub_0614,user_0615,starter,49,2023-02-06,,annual
sub_0615,user_0616,enterprise,599,2023-10-13,,annual
sub_0617,user_0618,starter,49,2023-04-08,2023-06-14,monthly
sub_0618,user_0619,pro,149,2023-02-24,,monthly
sub_0619,user_0620,starter,49,2023-07-25,,annual
sub_0620,user_0621,enterprise,599,2023-06-16,,monthly
sub_0621,user_0622,pro,149,2023-07-12,,monthly
sub_0624,user_0625,starter,49,2023-03-12,,monthly
sub_0625,user_0626,pro,149,2023-04-22,,annual
sub_0627,user_0628,pro,149,2023-02-10,,monthly
sub_0629,user_0630,starter,49,2023-10-17,,monthly
sub_0630,user_0631,starter,49,2023-10-22,,monthly
sub_0632,user_0633,starter,49,2023-12-24,,monthly
sub_0633,user_0634,starter,49,2023-10-15,,annual
sub_0634,user_0635,enterprise,599,2023-10-22,,monthly
sub_0635,user_0636,pro,149,2023-12-02,,monthly
sub_0639,user_0640,pro,149,2023-10-07,,annual
sub_0640,user_0641,enterprise,599,2023-12-24,,monthly
sub_0643,user_0644,pro,149,2023-12-30,,annual
sub_0645,user_0646,pro,149,2023-03-22,,monthly
sub_0646,user_0647,pro,149,2023-05-22,2023-11-09,monthly
sub_0647,user_0648,starter,49,2023-06-24,,monthly
sub_0648,user_0649,enterprise,599,2023-11-17,2023-12-25,monthly
sub_0649,user_0650,starter,49,2023-06-18,,monthly
sub_0650,user_0651,starter,49,2023-03-12,,monthly
sub_0652,user_0653,pro,149,2023-07-31,,annual
sub_0653,user_0654,pro,149,2023-04-05,2023-05-10,annual
sub_0654,user_0655,enterprise,599,2023-07-03,2023-11-26,annual
sub_0655,user_0656,starter,49,2023-08-31,,monthly
sub_0656,user_0657,starter,49,2023-05-19,,annual
sub_0657,user_0658,enterprise,599,2023-08-13,,monthly
sub_0658,user_0659,enterprise,599,2023-11-08,,monthly
sub_0660,user_0661,enterprise,599,2023-05-06,,annual
sub_0661,user_0662,enterprise,599,2023-04-08,,annual
sub_0662,user_0663,starter,49,2023-01-28,2023-02-11,annual
sub_0663,user_0664,starter,49,2023-10-27,,monthly
sub_0664,user_0665,starter,49,2023-10-30,,annual
sub_0666,user_0667,starter,49,2023-12-29,2024-04-04,annual
sub_0667,user_0668,starter,49,2023-10-17,,annual
sub_0668,user_0669,enterprise,599,2023-06-07,2023-07-10,monthly
sub_0669,user_0670,pro,149,2023-01-02,,monthly
sub_0670,user_0671,enterprise,599,2023-01-03,,annual
sub_0672,user_0673,starter,49,2023-04-17,,annual
sub_0673,user_0674,pro,149,2023-10-23,,monthly
sub_0674,user_0675,starter,49,2023-03-24,,annual
sub_0676,user_0677,enterprise,599,2023-05-21,,monthly
sub_0678,user_0679,pro,149,2023-09-27,,annual
sub_0679,user_0680,starter,49,2023-04-03,,annual
sub_0680,user_0681,starter,49,2023-03-02,,annual
sub_0681,user_0682,starter,49,2023-11-23,,monthly
sub_0683,user_0684,starter,49,2023-01-15,,annual
sub_0684,user_0685,starter,49,2023-11-27,,monthly
sub_0685,user_0686,pro,149,2023-01-29,,monthly
sub_0686,user_0687,legacy_growth,149,2023-12-17,,annual
sub_0687,user_0688,starter,49,2023-07-12,,monthly
sub_0688,user_0689,pro,149,2023-06-07,,monthly
sub_0689,user_0690,pro,149,2023-07-10,,annual
sub_0690,user_0691,enterprise,599,2023-04-14,,monthly
sub_0691,user_0692,pro,149,2023-06-24,2024-01-09,monthly
sub_0692,user_0693,starter,49,2023-12-13,,monthly
sub_0694,user_0695,pro,149,2023-09-24,,monthly
sub_0695,user_0696,enterprise,599,2023-05-22,,annual
sub_0697,user_0698,starter,49,2023-12-27,,annual
sub_0699,user_0700,enterprise,599,2023-07-20,,monthly
sub_0701,user_0702,pro,149,2023-08-28,,monthly
sub_0702,user_0703,pro,149,2023-11-12,,annual
sub_0704,user_0705,starter,49,2023-05-25,,annual
sub_0706,user_0707,enterprise,-599,2023-05-05,,monthly
sub_0707,user_0708,enterprise,-599,2023-08-09,,monthly
sub_0708,user_0709,enterprise,599,2023-12-09,,annual
sub_0709,user_0710,enterprise,599,2023-04-01,,monthly
sub_0711,user_0712,starter,-49,2023-11-22,,monthly
sub_0712,user_0713,pro,149,2023-08-17,,monthly
sub_0713,user_0714,enterprise,599,2023-02-15,,annual
sub_0714,user_0715,pro,149,2025-12-31,,annual
sub_0715,user_0716,enterprise,-599,2023-07-21,2023-08-30,monthly
sub_0716,user_0717,enterprise,599,2023-09-01,,monthly
sub_0718,user_0719,enterprise,599,2023-03-11,,monthly
sub_0719,user_0720,enterprise,599,2023-10-10,2023-11-19,monthly
sub_0720,user_0721,starter,49,2023-09-13,,annual
sub_0721,user_0722,enterprise,599,2023-01-18,,annual
sub_0722,user_0723,pro,149,2023-03-14,,monthly
sub_0724,user_0725,enterprise,599,2023-01-06,,monthly
sub_0727,user_0728,pro,149,2023-02-09,2023-06-18,annual
sub_0728,user_0729,starter,49,2023-01-08,,monthly
sub_0729,user_0730,starter,49,2023-12-25,,monthly
sub_0730,user_0731,starter,49,2023-11-01,2024-03-11,annual
sub_0731,user_0732,pro,149,2023-11-23,,monthly
sub_0732,user_0733,starter,49,2023-09-01,,monthly
sub_0733,user_0734,enterprise,599,2023-08-11,,monthly
sub_0734,user_0735,enterprise,599,2023-09-30,,annual
sub_0735,user_0736,enterprise,599,2023-05-11,,monthly
sub_0736,user_0737,starter,49,2023-12-13,,annual
sub_0737,user_0738,enterprise,599,2023-02-20,,annual
sub_0738,user_0739,starter,49,2023-11-14,,annual
sub_0739,user_0740,starter,49,2023-07-12,,annual
sub_0740,user_0741,pro,149,2023-02-08,,monthly
sub_0741,user_0742,pro,149,2023-02-01,2023-02-02,annual
sub_0742,user_0743,starter,49,2023-04-13,,annual
sub_0743,user_0744,enterprise,599,2023-11-11,,monthly
sub_0745,user_0746,pro,149,2023-05-17,,annual
sub_0747,user_0748,pro,149,2023-09-04,,monthly
sub_0748,user_0749,pro,149,2023-11-28,,monthly
sub_0749,user_0750,starter,49,2023-01-21,,monthly
sub_0750,user_0751,enterprise,599,2023-02-13,,monthly
sub_0751,user_0752,enterprise,599,2023-10-31,2024-02-21,annual
sub_0753,user_0754,enterprise,599,2023-07-27,,monthly
sub_0755,user_0756,pro,149,2023-03-30,,annual
sub_0756,user_0757,starter,49,2023-02-24,2023-06-05,monthly
sub_0758,user_0759,pro,149,2023-01-24,2023-07-27,monthly
sub_0759,user_0760,starter,49,2023-12-23,,annual
sub_0760,user_0761,starter,49,2023-11-20,,monthly
sub_0762,user_0763,starter,49,2023-09-25,,monthly
sub_0763,user_0764,pro,149,2023-02-15,,monthly
sub_0764,user_0765,pro,149,2023-09-29,,monthly
sub_0766,user_0767,pro,149,2023-01-23,,monthly
sub_0768,user_0769,starter,49,2023-03-01,,monthly
sub_0770,user_0771,starter,49,2023-04-13,,monthly
sub_0771,user_0772,enterprise,599,2023-03-16,2023-04-12,monthly
sub_0772,user_0773,pro,149,2023-11-20,,annual
sub_0773,user_0774,enterprise,599,2023-05-24,,monthly
sub_0774,user_0775,starter,49,2023-06-01,2023-11-28,monthly
sub_0775,user_0776,enterprise,599,2023-04-21,,monthly
sub_0776,user_0777,starter,49,2023-06-17,2023-10-03,annual
sub_0777,user_0778,enterprise,599,2023-01-23,,annual
sub_0778,user_0779,enterprise,599,2023-12-23,2024-03-28,monthly
sub_0779,user_0780,starter,49,2023-07-28,,annual
sub_0780,user_0781,starter,49,2023-09-03,,annual
sub_0781,user_0782,pro,149,2023-12-27,,annual
sub_0782,user_0783,enterprise,599,2023-09-29,2023-10-05,annual
sub_0783,user_0784,pro,149,2023-01-29,,annual
sub_0785,user_0786,starter,-49,2023-02-28,,monthly
sub_0787,user_0788,pro,149,2023-03-04,,monthly
sub_0788,user_0789,starter,49,2023-02-14,,annual
sub_0789,user_0790,starter,49,2023-03-17,,monthly
sub_0790,user_0791,enterprise,599,2023-03-09,,annual
sub_0791,user_0792,pro,149,2023-04-29,,monthly
sub_0792,user_0793,enterprise,599,2023-09-29,,monthly
sub_0793,user_0794,starter,49,2023-03-29,,annual
sub_0794,user_0795,starter,49,2023-06-30,,annual
sub_0795,user_0796,starter,49,2023-12-29,2024-01-08,monthly
sub_0796,user_0797,pro,149,2023-03-06,2023-03-11,annual
sub_0797,user_0798,enterprise,599,2023-06-26,2023-11-15,monthly
sub_0798,user_0799,starter,49,2023-07-27,,monthly
sub_0801,user_0802,starter,49,2023-01-13,,annual
sub_0802,user_0803,starter,49,2023-04-10,,monthly
sub_0804,user_0805,pro,149,2023-09-19,2023-10-17,monthly
sub_0805,user_0806,pro,149,2023-05-26,,monthly
sub_0806,user_0807,pro,149,2023-08-01,,monthly
sub_0807,user_0808,pro,149,2023-02-14,,annual
sub_0808,user_0809,enterprise,599,2023-07-12,,monthly
sub_0809,user_0810,enterprise,599,2023-03-12,2023-09-23,annual
sub_0810,user_0811,enterprise,599,2023-10-27,,monthly
sub_0811,user_0812,enterprise,599,2023-11-24,,monthly
sub_0813,user_0814,pro,149,2023-09-04,,annual
sub_0815,user_0816,pro,149,2023-03-25,,annual
sub_0816,user_0817,starter,49,2023-02-09,,monthly
sub_0817,user_0818,pro,149,2023-12-17,2024-04-14,annual
sub_0818,user_0819,pro,149,2023-01-07,,monthly
sub_0819,user_0820,starter,49,2023-02-22,,monthly
sub_0820,user_0821,enterprise,599,2023-03-09,,annual
sub_0821,user_0822,pro,149,2023-11-02,,annual
sub_0822,user_0823,starter,49,2023-03-07,,monthly
sub_0826,user_0827,starter,49,2023-06-29,,annual
sub_0829,user_0830,enterprise,599,2023-12-24,,annual
sub_0832,user_0833,enterprise,599,2023-11-04,,monthly
sub_0833,user_0834,enterprise,599,2023-02-05,,monthly
sub_0835,user_0836,starter,49,2023-02-22,,monthly
sub_0836,user_0837,enterprise,599,2023-07-26,,annual
sub_0837,user_0838,pro,149,2023-11-26,,monthly
sub_0838,user_0839,pro,149,2023-08-21,,annual
sub_0841,user_0842,pro,149,2023-09-09,,annual
sub_0842,user_0843,pro,149,2023-03-02,,annual
sub_0843,user_0844,pro,149,2023-12-04,2024-03-13,annual
sub_0844,user_0845,enterprise,599,2023-09-07,,annual
sub_0845,user_0846,enterprise,599,2023-01-29,,annual
sub_0847,user_0848,pro,149,2023-10-26,,annual
sub_0848,user_0849,starter,49,2023-06-29,,annual
sub_0850,user_0851,enterprise,599,2023-12-03,,annual
sub_0851,user_0852,pro,149,2023-07-13,2023-12-20,monthly
sub_0852,user_0853,pro,149,2023-06-22,,annual
sub_0854,user_0855,starter,49,2023-10-21,,annual
sub_0855,user_0856,enterprise,599,2023-02-04,,annual
sub_0856,user_0857,pro,149,2023-06-04,,annual
sub_0857,user_0858,starter,49,2023-09-21,,annual
sub_0858,user_0859,enterprise,599,2023-08-28,2023-12-29,annual
sub_0859,user_0860,pro,149,2023-05-04,,monthly
sub_0860,user_0861,enterprise,599,2023-11-21,,annual
sub_0861,user_0862,starter,49,2023-07-27,2023-11-28,annual
sub_0862,user_0863,enterprise,599,2023-09-06,,annual
sub_0863,user_0864,pro,149,2023-05-13,2023-10-10,monthly
sub_0866,user_0867,pro,149,2023-03-03,,annual
sub_0867,user_0868,enterprise,599,2023-06-10,,annual
sub_0868,user_0869,pro,149,2023-05-21,,monthly
sub_0869,user_0870,enterprise,599,2023-02-27,,monthly
sub_0870,user_0871,pro,149,2023-07-05,,monthly
sub_0871,user_0872,starter,49,2023-01-28,,monthly
sub_0872,user_0873,starter,49,2023-12-17,2024-04-16,annual
sub_0873,user_0874,starter,49,2023-05-11,,annual
sub_0876,user_0877,enterprise,599,2023-10-08,,annual
sub_0877,user_0878,starter,49,2025-12-31,,monthly
sub_0878,user_0879,starter,49,2023-09-22,,annual
sub_0879,user_0880,pro,149,2023-03-10,,annual
sub_0880,user_0881,starter,49,2023-07-13,,annual
sub_0881,user_0882,starter,49,2023-02-15,,annual
sub_0882,user_0883,pro,149,2023-05-14,,monthly
sub_0883,user_0884,enterprise,599,2023-08-21,,annual
sub_0884,user_0885,enterprise,599,2023-05-17,,monthly
sub_0885,user_0886,starter,49,2023-05-25,,monthly
sub_0886,user_0887,enterprise,-599,2023-05-15,,annual
sub_0887,user_0888,pro,149,2023-01-06,2023-03-16,monthly
sub_0890,user_0891,starter,49,2023-07-22,,monthly
sub_0891,user_0892,enterprise,599,2023-09-10,2024-03-11,annual
sub_0893,user_0894,pro,149,2023-05-25,,monthly
sub_0894,user_0895,enterprise,599,2023-06-11,,annual
sub_0895,user_0896,pro,149,2023-04-04,,monthly
sub_0896,user_0897,pro,149,2023-09-11,,monthly
sub_0898,user_0899,starter,49,2023-05-20,2023-06-09,annual
sub_0899,user_0900,enterprise,599,2023-02-09,2023-05-19,annual
sub_0901,user_0902,pro,149,2023-12-04,,annual
sub_0902,user_0903,starter,49,2023-08-20,,monthly
sub_0903,user_0904,enterprise,599,2023-02-06,,monthly
sub_0904,user_0905,starter,49,2023-07-24,,monthly
sub_0905,user_0906,pro,149,2023-12-01,,monthly
sub_0906,user_0907,pro,149,2023-07-03,,monthly
sub_0907,user_0908,enterprise,599,2023-05-18,,annual
sub_0908,user_0909,pro,149,2023-08-07,,monthly
sub_0909,user_0910,pro,149,2023-11-28,,annual
sub_0910,user_0911,pro,149,2023-03-18,,monthly
sub_0911,user_0912,enterprise,599,2023-01-24,,annual
sub_0914,user_0915,pro,149,2023-12-10,,annual
sub_0916,user_0917,enterprise,599,2023-12-02,,annual
sub_0917,user_0918,enterprise,599,2023-07-04,,annual
sub_0918,user_0919,starter,49,2023-01-09,,monthly
sub_0919,user_0920,starter,49,2023-08-12,,monthly
sub_0920,user_0921,starter,49,2023-03-01,,monthly
sub_0922,user_0923,legacy_growth,599,2023-08-10,,annual
sub_0923,user_0924,enterprise,599,2023-10-30,,monthly
sub_0926,user_0927,pro,149,2023-09-17,,monthly
sub_0927,user_0928,pro,149,2023-07-19,,annual
sub_0928,user_0929,starter,49,2023-02-14,,monthly
sub_0929,user_0930,enterprise,599,2023-08-01,,monthly
sub_0930,user_0931,pro,149,2023-07-03,2023-09-28,monthly
sub_0931,user_0932,starter,49,2023-08-09,,monthly
sub_0932,user_0933,pro,149,2023-07-01,,monthly
sub_0934,user_0935,starter,49,2023-11-19,,annual
sub_0936,user_0937,enterprise,599,2023-04-14,2023-09-01,annual
sub_0937,user_0938,enterprise,599,2023-02-13,,monthly
sub_0938,user_0939,enterprise,599,2023-04-27,,annual
sub_0940,user_0941,pro,149,2023-02-05,,annual
sub_0941,user_0942,starter,49,2023-12-05,,annual
sub_0942,user_0943,pro,149,2023-12-15,,monthly
sub_0943,user_0944,enterprise,599,2023-11-09,,annual
sub_0944,user_0945,enterprise,599,2023-08-15,2024-02-21,annual
sub_0945,user_0946,pro,149,2023-03-06,2023-06-02,monthly
sub_0949,user_0950,starter,49,2023-05-01,,annual
sub_0950,user_0951,enterprise,599,2023-10-21,,annual
sub_0951,user_0952,starter,49,2023-07-04,,monthly
sub_0952,user_0953,enterprise,599,2023-03-08,,monthly
sub_0953,user_0954,enterprise,599,2023-07-22,2023-08-20,annual
sub_0954,user_0955,starter,49,2023-03-25,,annual
sub_0955,user_0956,starter,49,2023-09-28,,monthly
sub_0958,user_0959,enterprise,599,2023-03-15,,monthly
sub_0959,user_0960,pro,149,2025-12-31,,monthly
sub_0960,user_0961,enterprise,599,2023-08-20,,monthly
sub_0961,user_0962,starter,49,2023-08-19,,annual
sub_0962,user_0963,pro,149,2023-04-30,,annual
sub_0963,user_0964,pro,149,2023-03-26,2023-09-28,monthly
sub_0965,user_0966,starter,49,2023-12-04,,monthly
sub_0966,user_0967,pro,149,2023-10-24,,monthly
sub_0968,user_0969,pro,149,2023-02-20,2023-06-12,monthly
sub_0971,user_0972,starter,49,2023-03-03,,monthly
sub_0972,user_0973,pro,149,2023-02-28,2023-07-03,monthly
sub_0974,user_0975,enterprise,599,2023-03-06,,annual
sub_0975,user_0976,starter,49,2023-07-11,,monthly
sub_0976,user_0977,pro,149,2023-08-26,2024-01-09,monthly
sub_0977,user_0978,enterprise,-599,2023-11-03,,monthly
sub_0979,user_0980,enterprise,599,2023-10-12,2024-03-07,monthly
sub_0980,user_0981,starter,49,2023-12-29,,monthly
sub_0981,user_0982,starter,49,2023-01-09,,monthly
sub_0982,user_0983,enterprise,599,2023-07-31,,monthly
sub_0985,user_0986,pro,149,2023-01-11,,monthly
sub_0986,user_0987,enterprise,599,2023-04-24,,annual
sub_0987,user_0988,starter,49,2023-11-07,,monthly
sub_0988,user_0989,starter,49,2023-10-10,,annual
sub_0989,user_0990,pro,149,2023-04-27,,annual
sub_0990,user_0991,enterprise,599,2025-12-31,,monthly
sub_0991,user_0992,enterprise,599,2023-03-04,,annual
sub_0992,user_0993,enterprise,599,2023-04-25,,annual
sub_0995,user_0996,pro,149,2023-11-17,,annual
sub_0996,user_0997,starter,49,2023-01-28,,monthly
sub_0998,user_0999,enterprise,599,2023-08-15,,monthly
sub_0999,user_1000,enterprise,599,2023-07-15,,annual
