user_id,email,signup_date,plan,acquisition_channel,country,company_size
user_0001,user1@example.com,2023-05-21,starter,organic,UK,500+
user_0002,user2@example.com,2023-04-22,free,email,FR,500+
user_0003,user3@example.com,2023-05-23,free,paid_search,AU,51-200
user_0004,user4@example.com,2023-06-22,enterprise,organic,CA,51-200
user_0005,user5@example.com,2023-08-24,enterprise,organic,IN,500+
user_0006,user6@example.com,2023-04-09,free,paid_search,IN,1-10
user_0007,user7@example.com,2023-07-14,pro,paid_search,CA,51-200
user_0008,user8@example.com,2023-12-16,starter,email,FR,11-50
user_0009,user9@example.com,2023-11-24,starter,referral,US,11-50
user_0010,user10@example.com,2023-07-25,starter,email,CA,11-50
user_0011,user11@example.com,2023-11-26,pro,paid_search,FR,500+
user_0012,user12@example.com,2023-08-08,enterprise,referral,FR,11-50
user_0013,user13@example.com,2023-01-25,starter,paid_search,AU,500+
user_0014,user14@example.com,2023-08-28,free,organic,IN,51-200
user_0015,user15@example.com,2025-12-31,pro,email,DE,500+
user_0016,user16@example.com,2023-06-02,starter,paid_search,CA,11-50
user_0017,user17@example.com,2023-09-29,pro,direct,US,1-10
user_0018,user18@example.com,2023-06-07,starter,email,UK,1-10
user_0019,user19@example.com,2023-09-30,starter,direct,DE,51-200
user_0020,user20@example.com,2023-04-19,starter,referral,AU,51-200
user_0021,user21@example.com,2023-03-03,free,referral,US,500+
user_0022,user22@example.com,2023-01-04,free,paid_search,UK,1-10
user_0023,user23@example.com,2023-05-02,enterprise,paid_search,DE,500+
user_0024,user24@example.com,2023-08-31,starter,organic,UK,201-500
user_0025,user25@example.com,2023-01-28,free,organic,AU,51-200
user_0026,user26@example.com,2023-04-09,enterprise,paid_search,AU,11-50
user_0027,user27@example.com,2023-02-08,free,organic,US,1-10
user_0028,user28@example.com,2023-03-27,enterprise,paid_search,AU,1-10
user_0029,bad-email-29,2023-07-19,enterprise,referral,AU,500+
user_0030,user30@example.com,2023-04-08,free,email,US,51-200
user_0031,user31@example.com,2023-09-15,starter,organic,UK,11-50
user_0032,user32@example.com,2023-05-01,starter,email,US,500+
user_0033,user33@example.com,2023-10-17,pro,paid_search,CA,11-50
user_0034,user34@example.com,2023-11-27,pro,organic,US,201-500
user_0035,user35@example.com,2023-02-21,starter,email,IN,11-50
user_0036,user36@example.com,2023-05-06,starter,direct,IN,500+
user_0037,user37@example.com,2025-12-31,pro,organic,DE,51-200
user_0038,user38@example.com,2023-10-11,pro,email,FR,51-200
user_0039,user39@example.com,2023-05-16,pro,organic,UK,201-500
user_0040,user40@example.com,2023-06-20,pro,paid_search,BR,500+
user_0041,user41@example.com,2023-02-27,starter,email,US,51-200
user_0042,user42@example.com,2023-03-07,pro,organic,CA,11-50
user_0043,user43@example.com,2023-07-01,enterprise,email,DE,11-50
user_0044,user44@example.com,2023-04-01,free,paid_search,CA,201-500
user_0045,user45@example.com,2023-05-08,free,direct,US,201-500
user_0046,user46@example.com,2023-08-24,starter,paid_search,US,11-50
user_0047,user47@example.com,2023-02-05,pro,referral,AU,500+
user_0048,user48@example.com,2023-05-14,pro,organic,UK,500+
user_0049,user49@example.com,2023-06-10,free,direct,FR,51-200
user_0050,user50@example.com,2023-09-24,starter,referral,AU,1-10
user_0051,user51@example.com,2023-11-16,free,referral,IN,201-500
user_0052,user52@example.com,2023-10-11,enterprise,direct,DE,500+
user_0053,user53@example.com,2023-01-01,starter,direct,CA,201-500
user_0054,user54@example.com,2023-09-19,starter,organic,IN,500+
user_0055,user55@example.com,2023-02-17,starter,referral,FR,11-50
user_0056,user56@example.com,2023-09-01,free,direct,AU,500+
user_0057,user57@example.com,2023-09-11,starter,organic,UK,201-500
user_0058,user58@example.com,2023-12-23,free,email,FR,1-10
user_0059,user59@example.com,2023-12-08,pro,direct,AU,500+
user_0060,user60@example.com,2023-09-01,starter,referral,BR,11-50
user_0061,user61@example.com,2023-05-27,pro,referral,UK,11-50
user_0062,user62@example.com,2023-03-20,free,direct,AU,51-200
user_0063,user63@example.com,2023-04-16,enterprise,email,US,500+
user_0064,bad-email-64,2023-06-30,enterprise,direct,FR,201-500
user_0065,user65@example.com,2023-01-15,enterprise,paid_search,BR,11-50
user_0066,user66@example.com,2023-07-21,free,organic,AU,11-50
user_0067,user67@example.com,2023-05-14,starter,direct,CA,51-200
user_0068,user68@example.com,2023-08-04,free,direct,US,500+
user_0069,user69@example.com,2023-04-25,free,organic,FR,11-50
user_0070,user70@example.com,2023-05-03,free,email,FR,201-500
user_0071,user71@example.com,2023-03-27,free,paid_search,IN,1-10
user_0072,user72@example.com,2023-10-22,enterprise,direct,FR,1-10
user_0073,user73@example.com,2023-05-05,pro,email,UK,500+
user_0074,user74@example.com,2023-08-08,free,email,CA,1-10
user_0075,user75@example.com,2023-02-24,pro,direct,DE,201-500
user_0076,user76@example.com,2023-11-30,enterprise,direct,AU,500+
user_0077,user77@example.com,2023-02-14,enterprise,paid_search,BR,500+
user_0078,user78@example.com,2023-01-15,pro,paid_search,BR,11-50
user_0079,user79@example.com,2023-05-24,pro,email,US,500+
user_0080,user80@example.com,2023-07-28,starter,direct,BR,201-500
user_0081,user81@example.com,2023-04-24,starter,referral,CA,201-500
user_0082,user82@example.com,2023-10-09,enterprise,referral,IN,51-200
user_0083,user83@example.com,2023-06-11,starter,paid_search,FR,201-500
user_0084,user84@example.com,2023-09-26,free,paid_search,IN,11-50
user_0085,user85@example.com,2023-12-29,pro,organic,US,500+
user_0086,user86@example.com,2023-11-23,enterprise,organic,US,500+
user_0087,user87@example.com,2023-06-24,free,referral,BR,1-10
user_0088,user88@example.com,2023-02-07,free,paid_search,DE,500+
user_0089,user89@example.com,2023-05-08,enterprise,email,FR,500+
user_0090,user90@example.com,2023-06-02,enterprise,referral,US,500+
user_0091,user91@example.com,2023-04-17,pro,organic,DE,11-50
user_0092,user92@example.com,2023-01-02,enterprise,referral,US,11-50
user_0093,user93@example.com,2023-08-21,starter,referral,FR,201-500
user_0094,user94@example.com,2023-03-18,starter,organic,US,11-50
user_0095,user95@example.com,2023-10-19,enterprise,organic,BR,51-200
user_0096,user96@example.com,2023-09-14,enterprise,organic,US,201-500
user_0097,user97@example.com,2023-01-14,free,referral,US,11-50
user_0098,user98@example.com,2023-05-23,enterprise,direct,UK,201-500
user_0099,user99@example.com,2023-12-10,starter,referral,AU,201-500
user_0100,user100@example.com,2023-10-09,free,referral,IN,51-200
user_0101,user101@example.com,2023-09-21,free,email,BR,201-500
user_0102,user102@example.com,2023-11-15,enterprise,organic,FR,51-200
user_0103,user103@example.com,2023-08-13,enterprise,organic,US,500+
user_0104,user104@example.com,2023-06-09,enterprise,organic,FR,1-10
user_0105,user105@example.com,2023-03-20,pro,email,IN,201-500
user_0106,user106@example.com,2023-05-05,starter,direct,FR,500+
user_0107,user107@example.com,2023-02-05,enterprise,referral,IN,1-10
user_0108,user108@example.com,2023-10-28,enterprise,paid_search,BR,500+
user_0109,user109@example.com,2023-10-06,pro,paid_search,FR,500+
user_0110,user110@example.com,2023-07-30,enterprise,direct,AU,11-50
user_0111,user111@example.com,2023-09-15,pro,organic,BR,1-10
user_0112,user112@example.com,2023-03-15,starter,organic,BR,51-200
user_0113,user113@example.com,2023-11-29,pro,email,AU,51-200
user_0114,user114@example.com,2023-09-07,free,email,UK,11-50
user_0115,user115@example.com,2023-04-27,enterprise,organic,UK,201-500
user_0116,user116@example.com,2023-01-15,free,referral,CA,51-200
user_0117,user117@example.com,2023-07-30,starter,paid_search,DE,1-10
user_0118,user118@example.com,2023-12-16,starter,paid_search,BR,51-200
user_0119,user119@example.com,2023-08-27,starter,organic,BR,51-200
user_0120,user120@example.com,2023-08-06,enterprise,referral,FR,201-500
user_0121,user121@example.com,2023-07-15,pro,referral,US,201-500
user_0122,user122@example.com,2023-12-18,free,email,BR,51-200
user_0123,user123@example.com,2023-06-30,starter,email,IN,11-50
user_0124,user124@example.com,2023-11-27,enterprise,organic,CA,11-50
user_0125,user125@example.com,2023-08-01,starter,email,CA,500+
user_0126,user126@example.com,2023-03-26,enterprise,referral,CA,1-10
user_0127,user127@example.com,2023-04-26,enterprise,email,CA,1-10
user_0128,bad-email-128,2023-10-02,pro,referral,AU,51-200
user_0129,user129@example.com,2023-01-13,pro,email,FR,1-10
user_0130,user130@example.com,2023-12-25,enterprise,organic,DE,1-10
user_0131,user131@example.com,2023-09-10,starter,email,DE,201-500
user_0132,user132@example.com,2023-12-23,enterprise,email,DE,201-500
user_0133,user133@example.com,2023-11-12,pro,organic,CA,11-50
user_0134,user134@example.com,2023-07-05,pro,email,CA,1-10
user_0135,user135@example.com,2023-03-04,enterprise,organic,FR,500+
user_0136,user136@example.com,2023-06-20,starter,email,FR,1-10
user_0137,user137@example.com,2023-10-28,starter,referral,DE,500+
,user138@example.com,2023-03-16,pro,paid_search,UK,1-10
user_0139,user139@example.com,2023-05-02,free,paid_search,IN,1-10
user_0140,user140@example.com,2023-02-28,enterprise,direct,CA,500+
user_0141,user141@example.com,2023-04-24,free,email,IN,201-500
user_0142,user142@example.com,2023-09-03,enterprise,organic,BR,201-500
user_0143,user143@example.com,2023-11-08,starter,referral,CA,201-500
user_0144,user144@example.com,2023-08-21,enterprise,organic,UK,500+
user_0145,user145@example.com,2023-08-20,enterprise,referral,BR,201-500
user_0146,user146@example.com,2023-08-07,pro,referral,DE,201-500
user_0147,user147@example.com,2023-02-17,pro,paid_search,US,500+
user_0148,user148@example.com,2023-12-10,pro,direct,US,51-200
user_0149,user149@example.com,2023-10-23,starter,direct,FR,1-10
user_0150,user150@example.com,2023-02-28,starter,direct,US,500+
user_0151,user151@example.com,2023-05-17,pro,referral,CA,51-200
,user152@example.com,2023-10-17,free,paid_search,US,1-10
user_0153,user153@example.com,2023-08-03,starter,referral,IN,51-200
user_0154,user154@example.com,2023-02-13,starter,paid_search,US,1-10
user_0155,user155@example.com,2023-09-06,enterprise,referral,FR,500+
user_0156,user156@example.com,2023-05-26,enterprise,email,IN,1-10
user_0157,user157@example.com,2025-12-31,pro,paid_search,DE,51-200
user_0158,user158@example.com,2023-09-12,starter,paid_search,AU,500+
user_0159,user159@example.com,2023-12-09,free,direct,US,201-500
,user160@example.com,2023-06-10,enterprise,direct,IN,1-10
user_0161,user161@example.com,2023-03-29,enterprise,referral,UK,201-500
user_0162,user162@example.com,2023-10-29,free,direct,IN,51-200
user_0163,user163@example.com,2023-02-09,free,email,FR,51-200
user_0164,user164@example.com,2023-11-27,starter,organic,DE,51-200
user_0165,user165@example.com,2023-12-02,enterprise,direct,BR,500+
user_0166,user166@example.com,2023-06-15,pro,paid_search,BR,1-10
user_0167,user167@example.com,2023-05-21,pro,email,UK,51-200
user_0168,user168@example.com,2023-07-08,free,organic,AU,201-500
user_0169,user169@example.com,2023-01-22,starter,referral,BR,500+
user_0170,user170@example.com,2023-02-22,pro,organic,DE,1-10
user_0171,user171@example.com,2023-08-13,starter,referral,CA,51-200
user_0172,user172@example.com,2023-12-14,pro,organic,CA,1-10
user_0173,user173@example.com,2023-05-10,starter,referral,UK,500+
user_0174,user174@example.com,2023-06-08,enterprise,paid_search,UK,51-200
user_0175,user175@example.com,2023-06-18,free,direct,CA,1-10
user_0176,user176@example.com,2023-04-20,enterprise,paid_search,FR,11-50
user_0177,user177@example.com,2023-02-21,free,referral,DE,500+
user_0178,user178@example.com,2023-12-21,starter,direct,US,201-500
user_0179,user179@example.com,2023-08-16,enterprise,paid_search,FR,51-200
user_0180,user180@example.com,2023-04-10,enterprise,direct,IN,201-500
user_0181,user181@example.com,2023-03-24,starter,referral,US,201-500
user_0182,user182@example.com,2023-02-22,free,referral,UK,11-50
user_0183,user183@example.com,2023-03-17,free,paid_search,BR,51-200
user_0184,user184@example.com,2023-07-22,starter,direct,UK,51-200
user_0185,user185@example.com,2023-02-20,pro,paid_search,DE,1-10
user_0186,user186@example.com,2023-12-23,enterprise,direct,US,1-10
,user187@example.com,2023-03-18,enterprise,organic,IN,11-50
user_0188,user188@example.com,2023-08-03,enterprise,organic,UK,201-500
user_0189,bad-email-189,2023-09-21,starter,referral,AU,1-10
user_0190,user190@example.com,2023-08-02,free,email,CA,1-10
user_0191,user191@example.com,2023-09-17,enterprise,direct,US,201-500
user_0192,user192@example.com,2023-01-09,free,referral,FR,1-10
user_0193,user193@example.com,2023-06-20,pro,email,CA,11-50
user_0194,user194@example.com,2023-12-23,starter,paid_search,UK,201-500
user_0195,user195@example.com,2023-04-13,pro,referral,AU,500+
user_0196,user196@example.com,2023-11-28,pro,organic,CA,51-200
user_0197,user197@example.com,2023-07-24,enterprise,referral,DE,201-500
user_0198,user198@example.com,2023-09-23,free,direct,UK,201-500
user_0199,user199@example.com,2023-10-07,free,organic,CA,51-200
user_0200,user200@example.com,2023-08-07,enterprise,referral,BR,1-10
user_0201,user201@example.com,2023-11-11,pro,organic,UK,201-500
user_0202,user202@example.com,2023-12-14,free,paid_search,BR,1-10
user_0203,user203@example.com,2023-11-27,enterprise,email,US,500+
user_0204,user204@example.com,2023-07-09,free,email,DE,500+
user_0205,user205@example.com,2023-05-23,free,organic,DE,201-500
user_0206,user206@example.com,2023-03-02,pro,direct,FR,500+
user_0207,user207@example.com,2023-09-09,starter,organic,BR,11-50
user_0208,user208@example.com,2023-02-14,pro,referral,UK,500+
user_0209,user209@example.com,2023-03-22,starter,referral,FR,1-10
user_0210,user210@example.com,2023-05-02,free,referral,CA,201-500
user_0211,user211@example.com,2023-11-10,free,referral,AU,201-500
user_0212,user212@example.com,2023-10-22,pro,organic,BR,201-500
user_0213,user213@example.com,2023-10-10,starter,paid_search,AU,500+
user_0214,user214@example.com,2023-03-05,pro,paid_search,DE,51-200
user_0215,user215@example.com,2023-09-23,free,referral,FR,500+
user_0216,user216@example.com,2023-11-11,starter,email,DE,11-50
user_0217,user217@example.com,2023-11-06,free,organic,UK,1-10
user_0218,user218@example.com,2023-05-16,enterprise,email,US,201-500
user_0219,user219@example.com,2023-11-25,enterprise,paid_search,AU,51-200
user_0220,user220@example.com,2023-03-22,enterprise,direct,FR,51-200
user_0221,user221@example.com,2023-06-13,pro,direct,DE,51-200
user_0222,user222@example.com,2023-05-04,pro,direct,FR,11-50
user_0223,user223@example.com,2023-07-16,enterprise,paid_search,DE,51-200
user_0224,user224@example.com,2023-04-08,enterprise,email,BR,201-500
user_0225,user225@example.com,2023-02-16,enterprise,paid_search,FR,500+
user_0226,user226@example.com,2023-09-11,enterprise,referral,US,1-10
user_0227,user227@example.com,2023-07-07,pro,organic,AU,1-10
user_0228,user228@example.com,2023-10-11,enterprise,email,BR,500+
user_0229,user229@example.com,2023-12-15,starter,organic,AU,51-200
user_0230,user230@example.com,2023-07-07,starter,email,AU,500+
user_0231,user231@example.com,2024-01-01,enterprise,email,BR,11-50
user_0232,user232@example.com,2023-06-17,pro,paid_search,AU,500+
user_0233,user233@example.com,2023-06-22,enterprise,email,IN,201-500
user_0234,user234@example.com,2023-12-11,enterprise,email,IN,1-10
user_0235,user235@example.com,2023-12-02,starter,organic,BR,11-50
user_0236,user236@example.com,2023-07-14,starter,organic,UK,11-50
,user237@example.com,2023-03-19,starter,direct,BR,1-10
user_0238,user238@example.com,2023-10-15,enterprise,email,AU,51-200
user_0239,user239@example.com,2023-09-30,pro,referral,BR,11-50
user_0240,user240@example.com,2023-06-02,pro,referral,FR,201-500
user_0241,user241@example.com,2023-05-21,enterprise,direct,CA,11-50
user_0242,user242@example.com,2024-01-01,enterprise,referral,BR,11-50
user_0243,user243@example.com,2023-10-15,starter,organic,FR,11-50
user_0244,user244@example.com,2023-04-26,free,organic,AU,51-200
user_0245,user245@example.com,2025-12-31,starter,direct,BR,201-500
user_0246,user246@example.com,2023-05-28,free,organic,FR,500+
user_0247,user247@example.com,2023-01-20,starter,direct,DE,1-10
user_0248,user248@example.com,2023-09-11,pro,organic,US,51-200
user_0249,user249@example.com,2023-06-21,enterprise,paid_search,BR,51-200
user_0250,user250@example.com,2023-03-25,pro,paid_search,US,51-200
user_0251,user251@example.com,2023-04-09,enterprise,direct,CA,1-10
user_0252,user252@example.com,2023-03-13,starter,organic,IN,201-500
user_0253,user253@example.com,2023-06-18,free,referral,CA,11-50
user_0254,user254@example.com,2023-06-07,pro,organic,IN,51-200
user_0255,user255@example.com,2023-03-10,enterprise,email,CA,201-500
user_0256,user256@example.com,2023-10-03,starter,paid_search,UK,500+
user_0257,user257@example.com,2023-02-09,free,organic,FR,500+
user_0258,user258@example.com,2023-09-24,starter,email,BR,1-10
user_0259,user259@example.com,2023-01-29,enterprise,direct,US,500+
user_0260,user260@example.com,2023-01-12,free,paid_search,UK,1-10
user_0261,user261@example.com,2023-10-05,free,direct,US,51-200
user_0262,user262@example.com,2023-11-25,enterprise,referral,AU,201-500
user_0263,user263@example.com,2023-07-12,starter,referral,UK,11-50
user_0264,user264@example.com,2023-03-07,starter,organic,US,51-200
user_0265,user265@example.com,2023-08-06,starter,paid_search,BR,51-200
user_0266,user266@example.com,2023-02-27,enterprise,email,US,11-50
user_0267,user267@example.com,2023-01-18,free,paid_search,US,201-500
user_0268,user268@example.com,2023-01-29,pro,paid_search,CA,500+
user_0269,user269@example.com,2023-06-14,starter,email,FR,201-500
user_0270,user270@example.com,2023-10-30,starter,direct,BR,1-10
user_0271,user271@example.com,2023-12-10,pro,direct,AU,11-50
user_0272,user272@example.com,2023-10-03,starter,referral,DE,201-500
user_0273,user273@example.com,2023-08-02,starter,direct,FR,51-200
user_0274,user274@example.com,2023-08-19,free,email,FR,1-10
user_0275,user275@example.com,2023-11-05,free,paid_search,FR,201-500
user_0276,user276@example.com,2023-06-05,free,paid_search,FR,1-10
user_0277,user277@example.com,2023-05-05,starter,direct,FR,500+
user_0278,user278@example.com,2023-08-27,pro,referral,IN,51-200
user_0279,user279@example.com,2023-02-20,enterprise,referral,FR,51-200
user_0280,user280@example.com,2023-04-24,free,referral,AU,51-200
user_0281,user281@example.com,2023-07-14,starter,direct,CA,51-200
user_0282,user282@example.com,2023-11-25,enterprise,paid_search,CA,11-50
user_0283,user283@example.com,2023-04-05,free,email,US,1-10
user_0284,user284@example.com,2023-01-04,starter,organic,DE,1-10
user_0285,user285@example.com,2023-01-31,enterprise,direct,US,1-10
user_0286,user286@example.com,2023-01-09,pro,email,IN,1-10
user_0287,user287@example.com,2023-08-09,starter,organic,UK,500+
user_0288,user288@example.com,2023-09-27,pro,referral,AU,1-10
user_0289,user289@example.com,2023-10-17,starter,referral,UK,1-10
user_0290,user290@example.com,2023-10-10,free,paid_search,UK,201-500
user_0291,user291@example.com,2023-06-19,free,email,US,11-50
user_0292,user292@example.com,2023-10-18,free,organic,IN,500+
user_0293,user293@example.com,2023-06-11,starter,email,DE,201-500
user_0294,user294@example.com,2023-10-16,enterprise,email,CA,201-500
user_0295,user295@example.com,2023-12-19,pro,organic,UK,201-500
user_0296,user296@example.com,2023-11-06,enterprise,referral,US,51-200
user_0297,user297@example.com,2023-04-27,enterprise,direct,DE,500+
user_0298,user298@example.com,2023-11-13,starter,organic,UK,51-200
user_0299,user299@example.com,2023-11-21,enterprise,referral,CA,1-10
user_0300,user300@example.com,2023-08-16,pro,organic,DE,1-10
user_0301,user301@example.com,2023-10-12,free,organic,UK,51-200
user_0302,user302@example.com,2023-06-16,free,referral,AU,201-500
user_0303,user303@example.com,2023-10-14,starter,email,DE,201-500
user_0304,user304@example.com,2023-05-18,free,paid_search,AU,51-200
user_0305,user305@example.com,2023-02-09,starter,direct,FR,201-500
user_0306,user306@example.com,2023-07-22,enterprise,referral,BR,51-200
user_0307,user307@example.com,2023-11-30,starter,referral,CA,500+
user_0308,user308@example.com,2023-06-10,enterprise,referral,IN,201-500
user_0309,user309@example.com,2023-06-16,enterprise,referral,UK,500+
user_0310,user310@example.com,2023-04-03,free,direct,FR,201-500
user_0311,user311@example.com,2023-02-05,enterprise,direct,DE,51-200
user_0312,user312@example.com,2023-08-05,free,direct,BR,500+
user_0313,user313@example.com,2023-12-21,free,referral,UK,1-10
user_0314,user314@example.com,2023-07-01,free,email,AU,51-200
user_0315,user315@example.com,2023-01-06,starter,email,FR,201-500
user_0316,user316@example.com,2023-12-14,starter,referral,US,201-500
user_0317,user317@example.com,2023-02-13,starter,referral,IN,51-200
user_0318,user318@example.com,2023-09-05,free,direct,BR,51-200
user_0319,user319@example.com,2023-12-30,pro,organic,DE,11-50
user_0320,user320@example.com,2023-06-19,enterprise,paid_search,AU,11-50
user_0321,user321@example.com,2023-07-22,starter,direct,AU,201-500
,user322@example.com,2023-05-23,free,email,UK,500+
user_0323,user323@example.com,2023-08-23,enterprise,email,CA,500+
user_0324,user324@example.com,2023-02-28,enterprise,email,DE,51-200
user_0325,user325@example.com,2023-12-11,free,paid_search,IN,1-10
user_0326,user326@example.com,2023-09-19,starter,email,AU,201-500
user_0327,user327@example.com,2023-12-22,starter,email,DE,201-500
user_0328,user328@example.com,2023-08-19,pro,organic,BR,11-50
user_0329,user329@example.com,2023-10-15,enterprise,direct,BR,201-500
user_0330,user330@example.com,2023-03-27,free,paid_search,IN,1-10
user_0331,user331@example.com,2023-03-28,enterprise,email,UK,500+
user_0332,user332@example.com,2023-07-07,free,direct,FR,201-500
user_0333,user333@example.com,2023-05-07,free,direct,IN,51-200
user_0334,user334@example.com,2023-03-02,starter,paid_search,CA,500+
user_0335,user335@example.com,2023-03-13,starter,organic,CA,500+
user_0336,user336@example.com,2023-06-15,pro,referral,IN,500+
user_0337,user337@example.com,2023-02-18,enterprise,organic,IN,11-50
user_0338,user338@example.com,2023-03-16,starter,direct,BR,11-50
user_0339,user339@example.com,2023-08-01,free,organic,AU,500+
user_0340,user340@example.com,2023-07-08,enterprise,referral,US,1-10
user_0341,user341@example.com,2023-12-07,free,email,AU,11-50
user_0342,user342@example.com,2023-09-11,pro,referral,DE,500+
user_0343,user343@example.com,2023-12-16,free,organic,BR,1-10
user_0344,user344@example.com,2023-08-14,enterprise,paid_search,DE,51-200
user_0345,user345@example.com,2023-05-21,pro,referral,UK,51-200
user_0346,user346@example.com,2023-01-27,pro,paid_search,AU,1-10
user_0347,bad-email-347,2023-09-02,starter,email,BR,1-10
,user348@example.com,2023-03-03,enterprise,paid_search,BR,1-10
user_0349,user349@example.com,2023-02-22,pro,referral,DE,201-500
user_0350,user350@example.com,2023-03-10,starter,organic,US,500+
user_0351,user351@example.com,2023-04-20,starter,direct,BR,11-50
user_0352,user352@example.com,2023-03-05,enterprise,referral,AU,51-200
user_0353,user353@example.com,2023-11-27,pro,organic,IN,11-50
user_0354,user354@example.com,2023-07-20,free,paid_search,BR,201-500
user_0355,user355@example.com,2023-11-01,free,referral,CA,11-50
user_0356,user356@example.com,2023-08-04,starter,direct,UK,1-10
user_0357,bad-email-357,2023-04-21,free,direct,IN,500+
user_0358,user358@example.com,2023-07-25,starter,referral,UK,51-200
user_0359,user359@example.com,2023-03-21,enterprise,email,UK,51-200
user_0360,user360@example.com,2023-05-03,free,direct,UK,201-500
user_0361,user361@example.com,2023-12-08,starter,organic,US,11-50
user_0362,user362@example.com,2023-06-27,pro,paid_search,CA,11-50
user_0363,user363@example.com,2023-03-02,free,referral,AU,51-200
user_0364,user364@example.com,2023-10-23,enterprise,direct,CA,1-10
user_0365,user365@example.com,2023-07-08,free,email,UK,11-50
user_0366,bad-email-366,2023-01-07,enterprise,referral,AU,11-50
user_0367,user367@example.com,2023-01-19,enterprise,paid_search,CA,11-50
user_0368,user368@example.com,2023-05-19,pro,organic,US,11-50
user_0369,user369@example.com,2023-01-24,free,direct,IN,51-200
user_0370,user370@example.com,2023-01-05,pro,email,IN,500+
user_0371,user371@example.com,2023-09-10,starter,email,FR,11-50
,user372@example.com,2023-04-30,free,referral,US,201-500
user_0373,user373@example.com,2023-02-23,starter,direct,BR,1-10
user_0374,user374@example.com,2023-05-24,starter,email,AU,51-200
user_0375,user375@example.com,2023-10-25,starter,direct,UK,500+
user_0376,user376@example.com,2023-03-08,pro,referral,AU,51-200
user_0377,user377@example.com,2023-02-08,starter,email,UK,11-50
user_0378,user378@example.com,2023-06-10,pro,paid_search,BR,51-200
user_0379,user379@example.com,2023-02-16,pro,email,US,11-50
user_0380,user380@example.com,2023-02-16,pro,direct,US,51-200
user_0381,user381@example.com,2023-01-16,enterprise,email,FR,1-10
user_0382,user382@example.com,2023-03-13,free,paid_search,DE,11-50
user_0383,user383@example.com,2023-11-19,free,email,IN,1-10
,user384@example.com,2023-11-27,starter,organic,CA,1-10
user_0385,user385@example.com,2023-03-28,enterprise,direct,BR,1-10
user_0386,user386@example.com,2023-07-01,starter,referral,IN,201-500
user_0387,user387@example.com,2023-11-14,pro,direct,AU,500+
user_0388,user388@example.com,2023-07-16,starter,email,FR,500+
user_0389,user389@example.com,2024-01-01,enterprise,referral,CA,201-500
user_0390,user390@example.com,2023-11-02,pro,organic,BR,500+
user_0391,user391@example.com,2023-04-30,free,paid_search,FR,51-200
user_0392,user392@example.com,2023-01-29,starter,email,AU,51-200
user_0393,user393@example.com,2023-03-30,pro,referral,US,51-200
user_0394,user394@example.com,2023-10-16,enterprise,email,IN,11-50
user_0395,user395@example.com,2023-04-30,free,email,BR,1-10
user_0396,user396@example.com,2023-03-08,starter,referral,US,1-10
user_0397,user397@example.com,2023-03-14,pro,organic,CA,201-500
user_0398,user398@example.com,2023-06-15,starter,direct,BR,51-200
user_0399,user399@example.com,2023-12-22,pro,paid_search,DE,201-500
user_0400,user400@example.com,2023-03-07,free,email,AU,500+
user_0401,user401@example.com,2023-11-10,free,direct,DE,51-200
user_0402,user402@example.com,2023-06-13,free,referral,BR,1-10
user_0403,user403@example.com,2023-02-04,free,organic,US,201-500
user_0404,user404@example.com,2023-03-27,enterprise,direct,CA,500+
user_0405,user405@example.com,2023-10-23,starter,paid_search,BR,1-10
user_0406,user406@example.com,2023-01-11,free,organic,CA,11-50
user_0407,user407@example.com,2023-02-08,free,referral,BR,1-10
user_0408,user408@example.com,2023-11-07,starter,organic,UK,51-200
user_0409,user409@example.com,2023-12-23,pro,referral,IN,11-50
user_0410,user410@example.com,2023-10-09,starter,organic,CA,1-10
user_0411,user411@example.com,2023-12-05,enterprise,paid_search,UK,1-10
user_0412,user412@example.com,2023-02-11,free,referral,AU,201-500
user_0413,user413@example.com,2023-02-16,enterprise,paid_search,CA,201-500
user_0414,user414@example.com,2023-05-15,pro,paid_search,IN,500+
user_0415,user415@example.com,2023-12-08,pro,email,AU,500+
user_0416,user416@example.com,2023-07-18,enterprise,email,BR,500+
user_0417,user417@example.com,2023-02-10,free,email,DE,1-10
user_0418,user418@example.com,2023-03-27,starter,paid_search,US,201-500
user_0419,user419@example.com,2023-04-14,starter,email,IN,51-200
user_0420,user420@example.com,2023-02-04,enterprise,email,CA,51-200
user_0421,user421@example.com,2023-01-07,enterprise,organic,AU,11-50
user_0422,user422@example.com,2023-02-21,free,referral,CA,201-500
user_0423,user423@example.com,2023-10-20,free,paid_search,IN,201-500
user_0424,user424@example.com,2023-12-22,enterprise,referral,FR,1-10
user_0425,user425@example.com,2023-07-10,pro,referral,IN,201-500
user_0426,user426@example.com,2023-04-27,enterprise,referral,IN,201-500
user_0427,user427@example.com,2023-08-15,enterprise,direct,CA,1-10
user_0428,user428@example.com,2023-06-09,enterprise,paid_search,US,11-50
user_0429,user429@example.com,2023-01-30,enterprise,organic,CA,11-50
user_0430,user430@example.com,2023-09-16,free,organic,FR,51-200
user_0431,user431@example.com,2023-08-31,pro,referral,DE,51-200
user_0432,user432@example.com,2023-05-26,free,paid_search,FR,11-50
user_0433,user433@example.com,2023-05-18,free,organic,BR,11-50
user_0434,user434@example.com,2023-01-05,pro,referral,AU,201-500
user_0435,user435@example.com,2023-04-22,enterprise,email,UK,1-10
user_0436,user436@example.com,2023-07-11,pro,referral,UK,201-500
user_0437,user437@example.com,2023-11-24,pro,referral,IN,11-50
user_0438,user438@example.com,2023-01-30,enterprise,referral,DE,1-10
user_0439,user439@example.com,2023-05-13,enterprise,direct,US,500+
user_0440,user440@example.com,2023-04-08,starter,email,BR,51-200
user_0441,user441@example.com,2023-12-03,starter,referral,UK,201-500
user_0442,user442@example.com,2023-10-14,starter,referral,UK,11-50
user_0443,user443@example.com,2023-06-07,pro,referral,IN,500+
user_0444,user444@example.com,2023-08-29,free,direct,FR,500+
user_0445,user445@example.com,2023-09-29,free,paid_search,DE,11-50
user_0446,user446@example.com,2023-08-23,starter,organic,BR,51-200
user_0447,user447@example.com,2023-11-21,enterprise,referral,FR,11-50
user_0448,user448@example.com,2023-02-15,enterprise,direct,AU,201-500
user_0449,user449@example.com,2023-01-20,pro,organic,CA,500+
user_0450,user450@example.com,2023-11-17,starter,referral,IN,11-50
user_0451,user451@example.com,2023-06-06,free,referral,IN,201-500
user_0452,user452@example.com,2023-06-22,starter,referral,BR,51-200
user_0453,user453@example.com,2023-07-26,starter,paid_search,FR,1-10
user_0454,user454@example.com,2023-07-07,free,direct,IN,500+
user_0455,user455@example.com,2023-01-25,free,organic,UK,201-500
user_0456,user456@example.com,2023-05-10,starter,paid_search,US,51-200
user_0457,user457@example.com,2023-09-24,starter,direct,UK,500+
user_0458,user458@example.com,2023-02-28,enterprise,paid_search,FR,51-200
user_0459,user459@example.com,2023-07-03,pro,paid_search,US,500+
user_0460,user460@example.com,2023-09-04,free,organic,UK,1-10
user_0461,user461@example.com,2023-03-18,free,organic,IN,11-50
user_0462,user462@example.com,2023-05-16,free,paid_search,US,51-200
user_0463,user463@example.com,2023-08-07,free,organic,US,11-50
user_0464,user464@example.com,2023-07-03,pro,organic,CA,51-200
user_0465,user465@example.com,2023-08-22,enterprise,direct,AU,11-50
user_0466,user466@example.com,2023-01-31,starter,organic,AU,500+
user_0467,user467@example.com,2023-08-13,enterprise,referral,US,11-50
user_0468,user468@example.com,2023-07-30,free,referral,CA,1-10
user_0469,user469@example.com,2023-10-23,starter,referral,UK,201-500
user_0470,user470@example.com,2023-06-27,enterprise,paid_search,US,1-10
user_0471,user471@example.com,2023-08-29,starter,organic,BR,51-200
user_0472,user472@example.com,2023-01-26,enterprise,direct,FR,1-10
user_0473,user473@example.com,2023-08-18,enterprise,direct,CA,1-10
user_0474,user474@example.com,2023-01-10,enterprise,organic,US,1-10
user_0475,user475@example.com,2023-11-23,starter,direct,CA,51-200
user_0476,user476@example.com,2023-08-21,enterprise,referral,BR,1-10
user_0477,user477@example.com,2023-01-02,pro,email,CA,1-10
user_0478,user478@example.com,2023-03-13,enterprise,organic,IN,500+
user_0479,user479@example.com,2023-07-21,starter,referral,UK,201-500
user_0480,user480@example.com,2023-12-11,enterprise,direct,DE,201-500
,user481@example.com,2023-10-11,enterprise,email,DE,500+
user_0482,user482@example.com,2023-02-23,pro,email,AU,201-500
user_0483,user483@example.com,2023-05-08,pro,referral,BR,11-50
user_0484,user484@example.com,2023-09-20,pro,email,FR,11-50
user_0485,user485@example.com,2023-12-18,starter,paid_search,CA,1-10
user_0486,user486@example.com,2023-10-26,enterprise,email,IN,201-500
user_0487,user487@example.com,2023-01-13,free,organic,FR,51-200
user_0488,user488@example.com,2023-05-27,starter,organic,IN,11-50
user_0489,user489@example.com,2023-08-20,starter,email,AU,11-50
user_0490,user490@example.com,2023-12-23,free,direct,AU,201-500
user_0491,user491@example.com,2023-06-10,free,organic,IN,11-50
user_0492,user492@example.com,2023-08-15,pro,email,FR,11-50
user_0493,user493@example.com,2023-12-16,starter,email,UK,201-500
user_0494,user494@example.com,2023-05-16,pro,organic,CA,201-500
user_0495,user495@example.com,2023-03-20,free,email,IN,201-500
user_0496,user496@example.com,2023-02-07,pro,email,FR,11-50
user_0497,user497@example.com,2023-03-23,enterprise,organic,CA,11-50
user_0498,user498@example.com,2023-06-19,starter,email,BR,500+
user_0499,user499@example.com,2023-01-05,pro,direct,FR,500+
user_0500,user500@example.com,2023-01-21,pro,direct,UK,201-500
user_0501,user501@example.com,2023-01-13,pro,email,BR,201-500
user_0502,user502@example.com,2023-04-09,free,organic,DE,500+
user_0503,user503@example.com,2023-04-18,starter,direct,UK,11-50
user_0504,user504@example.com,2023-08-11,free,paid_search,US,201-500
user_0505,user505@example.com,2023-02-07,pro,email,UK,500+
user_0506,user506@example.com,2023-07-28,enterprise,direct,CA,1-10
user_0507,user507@example.com,2023-01-04,free,email,US,1-10
user_0508,user508@example.com,2023-05-29,pro,email,UK,51-200
user_0509,user509@example.com,2023-07-22,free,direct,DE,500+
user_0510,user510@example.com,2023-10-07,starter,referral,CA,1-10
user_0511,user511@example.com,2023-03-05,enterprise,email,UK,51-200
user_0512,user512@example.com,2023-06-26,starter,paid_search,DE,11-50
user_0513,user513@example.com,2023-02-28,free,email,BR,500+
user_0514,user514@example.com,2023-05-09,enterprise,referral,CA,11-50
user_0515,user515@example.com,2023-05-26,starter,referral,BR,201-500
user_0516,user516@example.com,2023-12-22,pro,referral,AU,11-50
,user517@example.com,2023-04-24,enterprise,referral,CA,11-50
user_0518,user518@example.com,2023-09-03,pro,referral,BR,500+
user_0519,user519@example.com,2023-02-11,starter,email,FR,51-200
user_0520,user520@example.com,2023-02-08,free,email,AU,500+
user_0521,user521@example.com,2023-05-14,enterprise,paid_search,CA,201-500
user_0522,user522@example.com,2023-05-29,free,direct,CA,500+
,user523@example.com,2023-11-11,starter,direct,DE,11-50
user_0524,user524@example.com,2023-03-16,enterprise,referral,US,11-50
user_0525,user525@example.com,2023-05-16,free,paid_search,CA,201-500
user_0526,user526@example.com,2023-01-24,pro,organic,IN,51-200
user_0527,user527@example.com,2023-07-12,pro,email,UK,500+
user_0528,user528@example.com,2023-04-25,pro,referral,BR,201-500
user_0529,bad-email-529,2023-03-13,starter,organic,IN,11-50
user_0530,user530@example.com,2023-11-05,free,paid_search,AU,51-200
user_0531,user531@example.com,2023-09-03,starter,direct,US,11-50
user_0532,user532@example.com,2023-03-24,free,email,DE,1-10
user_0533,user533@example.com,2023-09-22,free,referral,UK,11-50
user_0534,user534@example.com,2023-09-04,enterprise,email,DE,500+
user_0535,user535@example.com,2023-12-04,starter,referral,BR,500+
user_0536,user536@example.com,2023-07-17,free,paid_search,AU,11-50
user_0537,user537@example.com,2023-11-11,free,organic,BR,11-50
user_0538,user538@example.com,2023-01-01,enterprise,email,AU,51-200
user_0539,user539@example.com,2023-08-08,enterprise,direct,CA,500+
user_0540,user540@example.com,2023-12-23,enterprise,paid_search,IN,201-500
user_0541,user541@example.com,2023-02-12,enterprise,referral,FR,1-10
user_0542,user542@example.com,2023-10-23,free,direct,FR,51-200
user_0543,user543@example.com,2023-08-07,pro,referral,AU,500+
user_0544,user544@example.com,2023-12-15,starter,direct,BR,11-50
user_0545,user545@example.com,2023-05-10,pro,direct,DE,1-10
user_0546,user546@example.com,2023-12-25,free,paid_search,AU,51-200
user_0547,user547@example.com,2023-12-17,starter,direct,US,1-10
user_0548,user548@example.com,2023-11-04,free,referral,FR,51-200
user_0549,user549@example.com,2023-07-16,enterprise,email,IN,500+
user_0550,user550@example.com,2023-03-31,enterprise,organic,FR,500+
user_0551,user551@example.com,2023-11-03,starter,email,DE,1-10
user_0552,user552@example.com,2023-03-22,pro,direct,CA,201-500
user_0553,user553@example.com,2023-01-08,free,organic,IN,500+
user_0554,user554@example.com,2023-05-22,starter,direct,AU,500+
,user555@example.com,2023-09-17,free,email,IN,51-200
user_0556,user556@example.com,2023-05-12,pro,direct,AU,500+
user_0557,user557@example.com,2023-06-23,enterprise,direct,US,201-500
user_0558,user558@example.com,2023-11-21,starter,paid_search,CA,201-500
user_0559,user559@example.com,2023-01-05,pro,paid_search,IN,1-10
user_0560,user560@example.com,2023-06-25,starter,direct,CA,51-200
user_0561,user561@example.com,2023-04-04,starter,direct,FR,11-50
user_0562,user562@example.com,2023-04-16,starter,email,CA,11-50
user_0563,user563@example.com,2023-02-10,enterprise,email,US,500+
user_0564,user564@example.com,2023-07-10,enterprise,email,IN,201-500
user_0565,user565@example.com,2023-09-19,starter,email,DE,1-10
user_0566,user566@example.com,2023-10-04,pro,direct,DE,201-500
user_0567,user567@example.com,2023-08-24,free,organic,FR,201-500
user_0568,user568@example.com,2023-11-10,starter,email,IN,11-50
user_0569,user569@example.com,2023-06-25,enterprise,direct,FR,201-500
user_0570,user570@example.com,2023-07-25,starter,email,DE,500+
user_0571,user571@example.com,2023-05-19,enterprise,direct,FR,11-50
user_0572,user572@example.com,2023-08-31,starter,direct,BR,11-50
user_0573,user573@example.com,2023-09-22,pro,direct,IN,51-200
user_0574,user574@example.com,2023-07-23,starter,organic,FR,51-200
user_0575,user575@example.com,2023-08-19,pro,referral,CA,500+
user_0576,user576@example.com,2023-06-26,free,referral,FR,500+
user_0577,user577@example.com,2023-03-31,pro,referral,CA,500+
user_0578,user578@example.com,2023-02-10,pro,direct,DE,11-50
user_0579,user579@example.com,2023-08-04,enterprise,organic,UK,11-50
user_0580,user580@example.com,2023-12-01,pro,email,AU,51-200
user_0581,user581@example.com,2023-07-05,enterprise,direct,DE,11-50
user_0582,user582@example.com,2023-05-01,free,paid_search,DE,201-500
user_0583,user583@example.com,2023-08-31,free,direct,UK,1-10
user_0584,user584@example.com,2023-12-02,enterprise,referral,FR,11-50
user_0585,user585@example.com,2023-03-06,starter,organic,US,51-200
user_0586,user586@example.com,2023-09-01,pro,email,BR,11-50
user_0587,user587@example.com,2023-04-01,enterprise,email,AU,500+
user_0588,user588@example.com,2023-06-27,starter,organic,BR,51-200
user_0589,user589@example.com,2023-06-05,starter,referral,IN,201-500
user_0590,user590@example.com,2023-09-09,enterprise,referral,US,201-500
user_0591,user591@example.com,2023-01-04,starter,direct,AU,201-500
user_0592,user592@example.com,2023-11-27,enterprise,paid_search,IN,1-10
user_0593,user593@example.com,2023-11-10,pro,referral,IN,201-500
user_0594,user594@example.com,2023-03-11,enterprise,email,BR,51-200
user_0595,user595@example.com,2023-06-14,free,email,US,11-50
user_0596,user596@example.com,2023-03-06,free,paid_search,UK,11-50
,user597@example.com,2023-08-04,enterprise,referral,BR,1-10
user_0598,user598@example.com,2023-03-16,enterprise,organic,BR,11-50
user_0599,user599@example.com,2023-07-15,free,paid_search,AU,201-500
user_0600,user600@example.com,2023-04-12,free,email,FR,201-500
user_0601,user601@example.com,2023-06-15,free,email,UK,51-200
user_0602,user602@example.com,2023-07-04,starter,organic,FR,201-500
user_0603,user603@example.com,2023-05-22,enterprise,paid_search,US,1-10
user_0604,user604@example.com,2023-12-19,pro,organic,FR,11-50
user_0605,user605@example.com,2023-06-23,free,organic,CA,11-50
user_0606,user606@example.com,2023-03-06,pro,email,CA,201-500
user_0607,user607@example.com,2023-07-13,starter,referral,US,201-500
user_0608,user608@example.com,2023-10-05,starter,email,DE,500+
user_0609,user609@example.com,2023-05-21,starter,organic,DE,201-500
user_0610,user610@example.com,2023-07-07,enterprise,paid_search,US,500+
user_0611,user611@example.com,2023-05-03,free,email,AU,11-50
user_0612,user612@example.com,2023-10-10,pro,referral,AU,51-200
user_0613,user613@example.com,2023-02-04,starter,paid_search,US,11-50
user_0614,user614@example.com,2023-01-17,enterprise,direct,IN,1-10
user_0615,user615@example.com,2023-02-06,starter,direct,UK,201-500
user_0616,user616@example.com,2023-10-13,enterprise,referral,US,500+
user_0617,user617@example.com,2023-02-06,free,paid_search,UK,1-10
user_0618,user618@example.com,2023-04-08,starter,email,DE,500+
user_0619,user619@example.com,2023-02-24,pro,direct,AU,1-10
user_0620,user620@example.com,2023-07-25,starter,email,BR,51-200
user_0621,user621@example.com,2023-06-16,enterprise,direct,CA,500+
user_0622,user622@example.com,2023-07-12,pro,referral,BR,201-500
user_0623,bad-email-623,2023-01-18,free,email,DE,51-200
,user624@example.com,2023-04-20,free,referral,DE,1-10
user_0625,user625@example.com,2023-03-12,starter,paid_search,IN,51-200
user_0626,user626@example.com,2023-04-22,pro,direct,DE,201-500
user_0627,user627@example.com,2023-10-23,free,email,IN,1-10
user_0628,user628@example.com,2023-02-10,pro,referral,AU,201-500
user_0629,user629@example.com,2023-04-27,free,direct,US,51-200
user_0630,user630@example.com,2023-10-17,starter,paid_search,US,201-500
user_0631,user631@example.com,2023-10-22,starter,direct,IN,201-500
user_0632,user632@example.com,2023-09-01,free,email,AU,51-200
user_0633,user633@example.com,2023-12-24,starter,direct,FR,201-500
user_0634,user634@example.com,2023-10-15,starter,paid_search,UK,51-200
user_0635,user635@example.com,2023-10-22,enterprise,direct,CA,51-200
user_0636,user636@example.com,2023-12-02,pro,paid_search,CA,500+
user_0637,user637@example.com,2023-11-16,free,paid_search,FR,51-200
user_0638,user638@example.com,2023-02-13,free,paid_search,DE,51-200
,user639@example.com,2023-02-26,enterprise,organic,CA,11-50
user_0640,user640@example.com,2023-10-07,pro,email,BR,500+
user_0641,user641@example.com,2023-12-24,enterprise,email,US,51-200
user_0642,user642@example.com,2023-12-23,free,direct,US,1-10
user_0643,user643@example.com,2023-12-04,free,organic,IN,201-500
user_0644,user644@example.com,2023-12-30,pro,direct,UK,11-50
user_0645,user645@example.com,2023-10-15,free,organic,FR,500+
user_0646,user646@example.com,2023-03-22,pro,referral,IN,11-50
user_0647,user647@example.com,2023-05-22,pro,direct,US,500+
user_0648,user648@example.com,2023-06-24,starter,organic,AU,500+
user_0649,user649@example.com,2023-11-17,enterprise,paid_search,DE,201-500
user_0650,user650@example.com,2023-06-18,starter,paid_search,DE,500+
user_0651,user651@example.com,2023-03-12,starter,direct,DE,500+
user_0652,user652@example.com,2023-10-13,free,paid_search,CA,11-50
user_0653,user653@example.com,2023-07-31,pro,direct,IN,11-50
user_0654,user654@example.com,2023-04-05,pro,email,FR,500+
user_0655,user655@example.com,2023-07-03,enterprise,paid_search,BR,51-200
user_0656,user656@example.com,2023-08-31,starter,paid_search,US,201-500
user_0657,bad-email-657,2023-05-19,starter,paid_search,FR,1-10
user_0658,user658@example.com,2023-08-13,enterprise,referral,BR,11-50
user_0659,user659@example.com,2023-11-08,enterprise,referral,AU,500+
user_0660,user660@example.com,2023-10-02,free,email,UK,201-500
user_0661,user661@example.com,2023-05-06,enterprise,organic,AU,500+
user_0662,user662@example.com,2023-04-08,enterprise,referral,IN,201-500
user_0663,user663@example.com,2023-01-28,starter,direct,BR,1-10
user_0664,user664@example.com,2023-10-27,starter,direct,AU,51-200
user_0665,user665@example.com,2023-10-30,starter,direct,UK,51-200
user_0666,user666@example.com,2023-12-31,free,organic,UK,201-500
user_0667,user667@example.com,2023-12-29,starter,direct,AU,1-10
user_0668,user668@example.com,2023-10-17,starter,paid_search,DE,11-50
user_0669,user669@example.com,2023-06-07,enterprise,referral,DE,1-10
user_0670,user670@example.com,2023-01-02,pro,organic,BR,201-500
user_0671,user671@example.com,2023-01-03,enterprise,paid_search,FR,500+
user_0672,user672@example.com,2023-08-15,free,paid_search,IN,500+
user_0673,user673@example.com,2023-04-17,starter,organic,CA,1-10
user_0674,user674@example.com,2023-10-23,pro,referral,UK,1-10
user_0675,user675@example.com,2023-03-24,starter,direct,CA,1-10
user_0676,user676@example.com,2023-07-08,free,direct,UK,51-200
user_0677,user677@example.com,2023-05-21,enterprise,email,FR,11-50
user_0678,user678@example.com,2023-11-19,free,direct,IN,201-500
user_0679,user679@example.com,2023-09-27,pro,paid_search,BR,500+
user_0680,user680@example.com,2023-04-03,starter,referral,FR,1-10
user_0681,user681@example.com,2023-03-02,starter,email,AU,201-500
user_0682,user682@example.com,2023-11-23,starter,referral,IN,1-10
user_0683,user683@example.com,2023-06-15,free,referral,CA,201-500
user_0684,user684@example.com,2023-01-15,starter,referral,CA,201-500
user_0685,user685@example.com,2023-11-27,starter,direct,CA,201-500
user_0686,user686@example.com,2023-01-29,pro,email,CA,500+
user_0687,user687@example.com,2023-12-17,pro,organic,DE,51-200
user_0688,user688@example.com,2023-07-12,starter,email,AU,11-50
user_0689,user689@example.com,2023-06-07,pro,organic,IN,201-500
user_0690,user690@example.com,2023-07-10,pro,paid_search,IN,11-50
user_0691,user691@example.com,2023-04-14,enterprise,email,US,201-500
user_0692,user692@example.com,2023-06-24,pro,referral,DE,1-10
user_0693,user693@example.com,2023-12-13,starter,organic,BR,201-500
user_0694,user694@example.com,2023-01-03,free,email,UK,51-200
user_0695,user695@example.com,2023-09-24,pro,organic,IN,11-50
user_0696,user696@example.com,2023-05-22,enterprise,organic,IN,11-50
user_0697,user697@example.com,2023-11-15,free,paid_search,CA,500+
user_0698,user698@example.com,2023-12-27,starter,paid_search,UK,51-200
user_0699,user699@example.com,2023-08-16,free,direct,US,1-10
user_0700,user700@example.com,2023-07-20,enterprise,email,CA,51-200
user_0701,user701@example.com,2023-12-10,free,direct,DE,1-10
user_0702,user702@example.com,2023-08-28,pro,direct,BR,11-50
user_0703,user703@example.com,2023-11-12,pro,direct,DE,51-200
user_0704,user704@example.com,2023-08-21,free,direct,UK,51-200
user_0705,user705@example.com,2023-05-25,starter,email,UK,201-500
user_0706,user706@example.com,2023-06-16,free,referral,BR,201-500
user_0707,user707@example.com,2023-05-05,enterprise,direct,UK,51-200
user_0708,user708@example.com,2023-08-09,enterprise,email,CA,500+
user_0709,user709@example.com,2023-12-09,enterprise,organic,BR,51-200
user_0710,user710@example.com,2023-04-01,enterprise,organic,UK,500+
user_0711,user711@example.com,2023-09-11,free,organic,FR,11-50
user_0712,user712@example.com,2023-11-22,starter,paid_search,BR,500+
user_0713,user713@example.com,2023-08-17,pro,referral,IN,201-500
user_0714,user714@example.com,2023-02-15,enterprise,paid_search,IN,1-10
user_0715,user715@example.com,2025-12-31,pro,organic,IN,1-10
user_0716,user716@example.com,2023-07-21,enterprise,direct,AU,201-500
user_0717,user717@example.com,2023-09-01,enterprise,referral,AU,11-50
user_0718,user718@example.com,2023-03-06,free,organic,DE,201-500
user_0719,user719@example.com,2023-03-11,enterprise,direct,AU,500+
user_0720,user720@example.com,2023-10-10,enterprise,referral,FR,11-50
user_0721,bad-email-721,2023-09-13,starter,email,IN,201-500
user_0722,user722@example.com,2023-01-18,enterprise,referral,UK,500+
user_0723,user723@example.com,2023-03-14,pro,direct,UK,500+
user_0724,user724@example.com,2023-08-30,free,email,IN,500+
user_0725,user725@example.com,2023-01-06,enterprise,email,CA,201-500
user_0726,user726@example.com,2023-05-31,free,email,IN,500+
user_0727,user727@example.com,2023-10-24,free,referral,US,51-200
user_0728,user728@example.com,2023-02-09,pro,referral,DE,500+
user_0729,user729@example.com,2023-01-08,starter,email,DE,201-500
user_0730,user730@example.com,2023-12-25,starter,email,US,51-200
user_0731,user731@example.com,2023-11-01,starter,direct,AU,201-500
user_0732,user732@example.com,2023-11-23,pro,organic,IN,1-10
user_0733,user733@example.com,2023-09-01,starter,direct,AU,201-500
user_0734,user734@example.com,2023-08-11,enterprise,direct,CA,500+
user_0735,user735@example.com,2023-09-30,enterprise,email,IN,51-200
user_0736,user736@example.com,2023-05-11,enterprise,direct,FR,500+
user_0737,user737@example.com,2023-12-13,starter,referral,US,1-10
user_0738,bad-email-738,2023-02-20,enterprise,referral,FR,51-200
user_0739,user739@example.com,2023-11-14,starter,email,UK,1-10
user_0740,user740@example.com,2023-07-12,starter,organic,DE,51-200
user_0741,user741@example.com,2023-02-08,pro,direct,CA,51-200
user_0742,user742@example.com,2023-02-01,pro,organic,IN,51-200
user_0743,user743@example.com,2023-04-13,starter,direct,UK,11-50
user_0744,user744@example.com,2023-11-11,enterprise,referral,UK,1-10
user_0745,user745@example.com,2023-05-09,free,direct,DE,1-10
user_0746,user746@example.com,2023-05-17,pro,direct,US,500+
user_0747,user747@example.com,2023-09-02,free,email,FR,1-10
user_0748,user748@example.com,2023-09-04,pro,referral,IN,201-500
user_0749,user749@example.com,2023-11-28,pro,organic,BR,51-200
user_0750,user750@example.com,2023-01-21,starter,referral,AU,1-10
user_0751,user751@example.com,2023-02-13,enterprise,paid_search,DE,1-10
user_0752,user752@example.com,2023-10-31,enterprise,organic,IN,201-500
user_0753,user753@example.com,2023-08-19,free,organic,CA,1-10
user_0754,user754@example.com,2023-07-27,enterprise,email,DE,500+
user_0755,user755@example.com,2023-03-14,free,direct,US,11-50
user_0756,user756@example.com,2023-03-30,pro,organic,BR,500+
user_0757,user757@example.com,2023-02-24,starter,organic,FR,201-500
user_0758,user758@example.com,2023-12-14,free,email,DE,51-200
user_0759,user759@example.com,2023-01-24,pro,organic,UK,51-200
user_0760,user760@example.com,2023-12-23,starter,direct,FR,500+
user_0761,user761@example.com,2023-11-20,starter,organic,BR,1-10
,user762@example.com,2023-02-15,pro,direct,BR,11-50
user_0763,user763@example.com,2023-09-25,starter,paid_search,US,500+
user_0764,user764@example.com,2023-02-15,pro,referral,AU,1-10
user_0765,user765@example.com,2023-09-29,pro,email,FR,201-500
user_0766,user766@example.com,2023-05-22,free,paid_search,BR,201-500
user_0767,user767@example.com,2023-01-23,pro,referral,FR,201-500
user_0768,user768@example.com,2023-08-21,free,email,DE,11-50
user_0769,user769@example.com,2023-03-01,starter,direct,CA,201-500
user_0770,user770@example.com,2023-06-16,free,referral,FR,1-10
user_0771,user771@example.com,2023-04-13,starter,organic,BR,500+
user_0772,user772@example.com,2023-03-16,enterprise,paid_search,AU,51-200
user_0773,user773@example.com,2023-11-20,pro,paid_search,CA,11-50
user_0774,user774@example.com,2023-05-24,enterprise,direct,AU,11-50
user_0775,user775@example.com,2023-06-01,starter,email,FR,1-10
user_0776,user776@example.com,2023-04-21,enterprise,referral,US,201-500
user_0777,user777@example.com,2023-06-17,starter,email,DE,500+
user_0778,user778@example.com,2023-01-23,enterprise,email,US,201-500
user_0779,user779@example.com,2023-12-23,enterprise,direct,FR,1-10
user_0780,bad-email-780,2023-07-28,starter,referral,IN,11-50
user_0781,user781@example.com,2023-09-03,starter,direct,US,201-500
user_0782,user782@example.com,2023-12-27,pro,direct,US,1-10
user_0783,user783@example.com,2023-09-29,enterprise,referral,FR,1-10
user_0784,user784@example.com,2023-01-29,pro,organic,UK,201-500
user_0785,user785@example.com,2023-07-07,free,email,FR,11-50
user_0786,user786@example.com,2023-02-28,starter,paid_search,CA,51-200
user_0787,user787@example.com,2023-08-05,free,referral,CA,201-500
user_0788,user788@example.com,2023-03-04,pro,direct,CA,1-10
user_0789,user789@example.com,2023-02-14,starter,referral,UK,1-10
user_0790,user790@example.com,2023-03-17,starter,email,US,51-200
user_0791,user791@example.com,2023-03-09,enterprise,direct,US,51-200
user_0792,user792@example.com,2023-04-29,pro,direct,CA,51-200
user_0793,user793@example.com,2023-09-29,enterprise,direct,IN,500+
user_0794,user794@example.com,2023-03-29,starter,direct,CA,51-200
user_0795,user795@example.com,2023-06-30,starter,email,DE,500+
user_0796,user796@example.com,2023-12-29,starter,paid_search,FR,1-10
user_0797,user797@example.com,2023-03-06,pro,paid_search,FR,500+
user_0798,user798@example.com,2023-06-26,enterprise,email,DE,500+
user_0799,user799@example.com,2023-07-27,starter,direct,CA,11-50
,user800@example.com,2023-09-17,pro,direct,IN,500+
user_0801,user801@example.com,2023-08-15,free,direct,US,11-50
user_0802,user802@example.com,2023-01-13,starter,direct,CA,1-10
user_0803,user803@example.com,2023-04-10,starter,referral,FR,1-10
user_0804,user804@example.com,2023-12-13,free,email,AU,11-50
user_0805,user805@example.com,2023-09-19,pro,direct,DE,201-500
user_0806,user806@example.com,2023-05-26,pro,direct,UK,11-50
user_0807,user807@example.com,2023-08-01,pro,paid_search,AU,201-500
user_0808,user808@example.com,2023-02-14,pro,direct,CA,1-10
user_0809,user809@example.com,2023-07-12,enterprise,referral,AU,11-50
user_0810,user810@example.com,2023-03-12,enterprise,referral,BR,1-10
user_0811,user811@example.com,2023-10-27,enterprise,paid_search,US,1-10
user_0812,user812@example.com,2023-11-24,enterprise,organic,IN,201-500
user_0813,user813@example.com,2023-11-27,free,referral,BR,1-10
user_0814,user814@example.com,2023-09-04,pro,direct,UK,51-200
user_0815,user815@example.com,2023-05-13,free,paid_search,CA,201-500
user_0816,user816@example.com,2023-03-25,pro,direct,CA,1-10
user_0817,user817@example.com,2023-02-09,starter,organic,DE,500+
user_0818,user818@example.com,2023-12-17,pro,referral,UK,500+
user_0819,user819@example.com,2023-01-07,pro,referral,BR,201-500
user_0820,user820@example.com,2023-02-22,starter,paid_search,UK,201-500
user_0821,user821@example.com,2023-03-09,enterprise,referral,IN,51-200
user_0822,user822@example.com,2023-11-02,pro,paid_search,IN,1-10
user_0823,user823@example.com,2023-03-07,starter,paid_search,IN,11-50
user_0824,user824@example.com,2023-08-06,free,organic,US,201-500
user_0825,user825@example.com,2023-02-25,free,direct,UK,51-200
user_0826,user826@example.com,2023-01-06,free,email,FR,500+
user_0827,user827@example.com,2023-06-29,starter,referral,CA,51-200
user_0828,user828@example.com,2023-11-10,free,organic,US,500+
user_0829,user829@example.com,2023-05-25,free,organic,FR,500+
user_0830,user830@example.com,2023-12-24,enterprise,organic,DE,51-200
user_0831,user831@example.com,2023-09-21,free,referral,UK,201-500
user_0832,user832@example.com,2023-07-04,free,organic,CA,201-500
user_0833,user833@example.com,2023-11-04,enterprise,paid_search,AU,51-200
user_0834,user834@example.com,2023-02-05,enterprise,referral,DE,1-10
user_0835,user835@example.com,2023-02-23,free,organic,DE,201-500
user_0836,user836@example.com,2023-02-22,starter,organic,CA,11-50
user_0837,user837@example.com,2023-07-26,enterprise,direct,IN,500+
user_0838,user838@example.com,2023-11-26,pro,direct,AU,201-500
user_0839,user839@example.com,2023-08-21,pro,direct,BR,11-50
user_0840,user840@example.com,2023-02-20,free,direct,US,11-50
user_0841,user841@example.com,2023-03-20,free,organic,BR,201-500
user_0842,user842@example.com,2023-09-09,pro,email,US,1-10
user_0843,user843@example.com,2023-03-02,pro,direct,BR,201-500
user_0844,user844@example.com,2023-12-04,pro,paid_search,BR,201-500
user_0845,user845@example.com,2023-09-07,enterprise,email,BR,201-500
user_0846,user846@example.com,2023-01-29,enterprise,email,AU,500+
user_0847,user847@example.com,2023-05-26,free,email,US,11-50
user_0848,user848@example.com,2023-10-26,pro,direct,UK,201-500
user_0849,user849@example.com,2023-06-29,starter,paid_search,FR,51-200
user_0850,user850@example.com,2023-02-03,free,referral,DE,1-10
user_0851,user851@example.com,2023-12-03,enterprise,referral,US,201-500
user_0852,user852@example.com,2023-07-13,pro,email,UK,201-500
user_0853,user853@example.com,2023-06-22,pro,paid_search,IN,51-200
user_0854,user854@example.com,2023-11-22,free,email,FR,51-200
user_0855,user855@example.com,2023-10-21,starter,email,UK,500+
user_0856,user856@example.com,2023-02-04,enterprise,direct,FR,51-200
user_0857,user857@example.com,2023-06-04,pro,direct,CA,11-50
user_0858,user858@example.com,2023-09-21,starter,organic,DE,500+
user_0859,user859@example.com,2023-08-28,enterprise,email,US,500+
user_0860,user860@example.com,2023-05-04,pro,direct,AU,51-200
user_0861,user861@example.com,2023-11-21,enterprise,referral,IN,11-50
user_0862,user862@example.com,2023-07-27,starter,paid_search,US,11-50
user_0863,user863@example.com,2023-09-06,enterprise,direct,US,11-50
user_0864,user864@example.com,2023-05-13,pro,email,DE,1-10
user_0865,user865@example.com,2023-01-11,free,referral,IN,1-10
user_0866,user866@example.com,2023-07-06,free,direct,DE,11-50
user_0867,user867@example.com,2023-03-03,pro,direct,UK,11-50
user_0868,user868@example.com,2023-06-10,enterprise,paid_search,AU,11-50
user_0869,user869@example.com,2023-05-21,pro,email,US,201-500
user_0870,user870@example.com,2023-02-27,enterprise,direct,FR,51-200
user_0871,user871@example.com,2023-07-05,pro,referral,US,500+
user_0872,user872@example.com,2023-01-28,starter,referral,AU,51-200
user_0873,user873@example.com,2023-12-17,starter,direct,AU,1-10
user_0874,user874@example.com,2023-05-11,starter,referral,FR,11-50
user_0875,user875@example.com,2023-11-26,free,referral,UK,201-500
user_0876,user876@example.com,2023-06-20,free,paid_search,IN,500+
user_0877,user877@example.com,2023-10-08,enterprise,organic,US,11-50
user_0878,user878@example.com,2025-12-31,starter,referral,CA,500+
user_0879,user879@example.com,2023-09-22,starter,email,AU,51-200
user_0880,user880@example.com,2023-03-10,pro,referral,FR,1-10
user_0881,user881@example.com,2023-07-13,starter,organic,US,500+
user_0882,user882@example.com,2023-02-15,starter,referral,DE,1-10
user_0883,user883@example.com,2023-05-14,pro,paid_search,UK,1-10
user_0884,user884@example.com,2023-08-21,enterprise,organic,FR,11-50
user_0885,user885@example.com,2023-05-17,enterprise,direct,DE,201-500
user_0886,user886@example.com,2023-05-25,starter,direct,DE,201-500
user_0887,user887@example.com,2023-05-15,enterprise,paid_search,CA,500+
user_0888,user888@example.com,2023-01-06,pro,direct,FR,201-500
user_0889,user889@example.com,2023-05-12,free,organic,CA,11-50
user_0890,user890@example.com,2023-11-07,free,organic,IN,500+
user_0891,user891@example.com,2023-07-22,starter,email,US,500+
user_0892,user892@example.com,2023-09-10,enterprise,paid_search,UK,51-200
user_0893,user893@example.com,2023-05-14,free,paid_search,BR,51-200
user_0894,user894@example.com,2023-05-25,pro,email,IN,500+
user_0895,user895@example.com,2023-06-11,enterprise,paid_search,BR,1-10
user_0896,user896@example.com,2023-04-04,pro,paid_search,BR,201-500
user_0897,user897@example.com,2023-09-11,pro,email,BR,201-500
user_0898,user898@example.com,2023-03-17,free,paid_search,IN,11-50
user_0899,user899@example.com,2023-05-20,starter,email,US,500+
user_0900,user900@example.com,2023-02-09,enterprise,organic,CA,1-10
user_0901,user901@example.com,2023-03-04,free,referral,DE,1-10
user_0902,user902@example.com,2023-12-04,pro,email,US,51-200
user_0903,user903@example.com,2023-08-20,starter,paid_search,US,51-200
user_0904,user904@example.com,2023-02-06,enterprise,organic,AU,51-200
user_0905,user905@example.com,2023-07-24,starter,paid_search,AU,201-500
user_0906,user906@example.com,2023-12-01,pro,direct,AU,51-200
user_0907,user907@example.com,2023-07-03,pro,email,FR,201-500
user_0908,user908@example.com,2023-05-18,enterprise,organic,AU,51-200
user_0909,user909@example.com,2023-08-07,pro,direct,FR,11-50
user_0910,user910@example.com,2023-11-28,pro,direct,AU,1-10
user_0911,user911@example.com,2023-03-18,pro,paid_search,AU,51-200
user_0912,user912@example.com,2023-01-24,enterprise,direct,UK,201-500
user_0913,user913@example.com,2023-05-10,free,email,US,1-10
user_0914,user914@example.com,2023-04-04,free,organic,AU,51-200
user_0915,user915@example.com,2023-12-10,pro,referral,DE,11-50
user_0916,user916@example.com,2023-11-06,free,direct,US,1-10
user_0917,bad-email-917,2023-12-02,enterprise,email,BR,51-200
user_0918,user918@example.com,2023-07-04,enterprise,referral,UK,11-50
user_0919,user919@example.com,2023-01-09,starter,organic,FR,201-500
user_0920,user920@example.com,2023-08-12,starter,organic,IN,201-500
user_0921,user921@example.com,2023-03-01,starter,direct,BR,201-500
,user922@example.com,2023-05-05,enterprise,organic,CA,1-10
user_0923,user923@example.com,2023-08-10,enterprise,email,IN,1-10
user_0924,user924@example.com,2023-10-30,enterprise,paid_search,US,500+
,user925@example.com,2023-10-11,enterprise,direct,UK,201-500
user_0926,user926@example.com,2023-08-18,free,paid_search,IN,11-50
user_0927,user927@example.com,2023-09-17,pro,email,BR,11-50
user_0928,user928@example.com,2023-07-19,pro,direct,DE,500+
user_0929,user929@example.com,2023-02-14,starter,paid_search,FR,11-50
user_0930,user930@example.com,2023-08-01,enterprise,referral,FR,11-50
user_0931,user931@example.com,2023-07-03,pro,paid_search,DE,500+
user_0932,user932@example.com,2023-08-09,starter,organic,FR,201-500
user_0933,user933@example.com,2023-07-01,pro,paid_search,UK,1-10
user_0934,user934@example.com,2023-08-23,free,organic,UK,500+
user_0935,user935@example.com,2023-11-19,starter,referral,DE,51-200
user_0936,user936@example.com,2023-09-13,free,paid_search,CA,51-200
user_0937,user937@example.com,2023-04-14,enterprise,organic,FR,201-500
user_0938,user938@example.com,2023-02-13,enterprise,referral,FR,11-50
user_0939,user939@example.com,2023-04-27,enterprise,direct,AU,201-500
user_0940,user940@example.com,2023-12-16,free,direct,DE,1-10
user_0941,user941@example.com,2023-02-05,pro,direct,DE,201-500
user_0942,user942@example.com,2023-12-05,starter,email,US,500+
user_0943,user943@example.com,2023-12-15,pro,referral,CA,1-10
user_0944,user944@example.com,2023-11-09,enterprise,direct,FR,500+
user_0945,user945@example.com,2023-08-15,enterprise,paid_search,IN,1-10
user_0946,user946@example.com,2023-03-06,pro,paid_search,UK,500+
user_0947,user947@example.com,2023-11-22,free,email,IN,11-50
user_0948,user948@example.com,2023-08-05,free,organic,CA,51-200
user_0949,user949@example.com,2023-01-25,free,direct,IN,500+
user_0950,user950@example.com,2023-05-01,starter,referral,IN,51-200
user_0951,user951@example.com,2023-10-21,enterprise,email,FR,1-10
user_0952,user952@example.com,2023-07-04,starter,direct,AU,1-10
user_0953,user953@example.com,2023-03-08,enterprise,organic,CA,500+
user_0954,user954@example.com,2023-07-22,enterprise,direct,BR,201-500
user_0955,user955@example.com,2023-03-25,starter,direct,BR,11-50
user_0956,user956@example.com,2023-09-28,starter,direct,BR,1-10
user_0957,user957@example.com,2023-07-09,free,email,AU,1-10
user_0958,user958@example.com,2023-01-21,free,referral,IN,51-200
user_0959,user959@example.com,2023-03-15,enterprise,organic,IN,51-200
user_0960,user960@example.com,2025-12-31,pro,organic,US,201-500
user_0961,user961@example.com,2023-08-20,enterprise,direct,DE,11-50
user_0962,user962@example.com,2023-08-19,starter,referral,UK,500+
user_0963,user963@example.com,2023-04-30,pro,email,US,201-500
user_0964,user964@example.com,2023-03-26,pro,email,UK,500+
user_0965,user965@example.com,2023-10-05,free,email,FR,201-500
user_0966,bad-email-966,2023-12-04,starter,organic,IN,11-50
user_0967,user967@example.com,2023-10-24,pro,direct,US,201-500
user_0968,user968@example.com,2023-08-12,free,email,CA,201-500
user_0969,user969@example.com,2023-02-20,pro,paid_search,DE,51-200
user_0970,user970@example.com,2023-07-28,free,email,CA,11-50
,user971@example.com,2023-07-19,starter,direct,CA,51-200
user_0972,user972@example.com,2023-03-03,starter,email,FR,201-500
user_0973,user973@example.com,2023-02-28,pro,direct,AU,1-10
user_0974,user974@example.com,2023-04-30,free,referral,UK,11-50
user_0975,user975@example.com,2023-03-06,enterprise,direct,UK,500+
user_0976,user976@example.com,2023-07-11,starter,paid_search,AU,500+
user_0977,bad-email-977,2023-08-26,pro,paid_search,US,1-10
user_0978,user978@example.com,2023-11-03,enterprise,referral,FR,500+
user_0979,user979@example.com,2023-03-24,free,referral,UK,201-500
user_0980,user980@example.com,2023-10-12,enterprise,paid_search,CA,51-200
user_0981,user981@example.com,2023-12-29,starter,referral,CA,11-50
user_0982,user982@example.com,2023-01-09,starter,organic,BR,1-10
user_0983,user983@example.com,2023-07-31,enterprise,direct,UK,1-10
user_0984,user984@example.com,2023-12-10,free,referral,AU,500+
user_0985,user985@example.com,2023-12-23,free,direct,CA,11-50
user_0986,user986@example.com,2023-01-11,pro,paid_search,UK,500+
user_0987,user987@example.com,2023-04-24,enterprise,referral,US,51-200
user_0988,user988@example.com,2023-11-07,starter,direct,UK,51-200
user_0989,user989@example.com,2023-10-10,starter,organic,DE,1-10
user_0990,user990@example.com,2023-04-27,pro,paid_search,US,500+
user_0991,user991@example.com,2025-12-31,enterprise,organic,CA,201-500
user_0992,user992@example.com,2023-03-04,enterprise,direct,CA,500+
user_0993,user993@example.com,2023-04-25,enterprise,email,BR,51-200
,user994@example.com,2023-02-11,free,paid_search,AU,1-10
user_0995,user995@example.com,2023-06-18,free,organic,BR,201-500
user_0996,user996@example.com,2023-11-17,pro,paid_search,UK,201-500
user_0997,user997@example.com,2023-01-28,starter,organic,BR,1-10
user_0998,user998@example.com,2023-02-13,free,direct,CA,1-10
user_0999,user999@example.com,2023-08-15,enterprise,organic,UK,1-10
user_1000,user1000@example.com,2023-07-15,enterprise,paid_search,US,201-500
